date,open,high,low,close,volume,Name 
2017-05-31,5.1,5.13,5.05,5.08,9128400,AXIATA
2017-06-01,5.02,5.07,4.83,4.85,8552900,AXIATA
2017-06-02,4.87,4.95,4.83,4.94,6009900,AXIATA
2017-06-05,4.94,5,4.94,4.99,5568000,AXIATA
2017-06-06,4.99,5.02,4.9,5,3392200,AXIATA
2017-06-07,4.93,5.05,4.93,5.02,1588900,AXIATA
2017-06-08,5,5.03,4.99,5,4566700,AXIATA
2017-06-09,4.95,5,4.95,4.97,3601700,AXIATA
2017-06-13,4.98,5,4.96,4.98,5044400,AXIATA
2017-06-14,4.95,5.05,4.93,4.98,5130900,AXIATA
2017-06-15,4.98,5,4.93,4.97,4112600,AXIATA
2017-06-16,4.98,5.03,4.94,4.99,9011200,AXIATA
2017-06-19,4.99,5.07,4.99,5.07,4816800,AXIATA
2017-06-20,5.07,5.1,5,5.02,4224500,AXIATA
2017-06-21,5,5.03,4.94,4.98,5500500,AXIATA
2017-06-22,4.95,4.98,4.92,4.94,3416400,AXIATA
2017-06-23,4.96,4.97,4.89,4.94,4217800,AXIATA
2017-06-26,4.91,4.91,4.91,4.91,0,AXIATA
2017-06-27,4.91,4.91,4.91,4.91,0,AXIATA
2017-06-28,4.91,4.99,4.86,4.91,5298900,AXIATA
2017-06-29,4.9,4.95,4.88,4.88,4653900,AXIATA
2017-06-30,4.87,4.89,4.8,4.83,8128300,AXIATA
2017-07-03,4.83,4.85,4.74,4.8,3164500,AXIATA
2017-07-04,4.8,4.81,4.75,4.77,4660700,AXIATA
2017-07-05,4.77,4.79,4.73,4.76,3890200,AXIATA
2017-07-06,4.76,4.79,4.74,4.79,1941700,AXIATA
2017-07-07,4.8,4.8,4.69,4.7,4259200,AXIATA
2017-07-10,4.69,4.71,4.66,4.69,5433200,AXIATA
2017-07-11,4.69,4.77,4.62,4.64,5545700,AXIATA
2017-07-12,4.64,4.87,4.6,4.87,3766400,AXIATA
2017-07-13,4.78,4.8,4.63,4.63,7941000,AXIATA
2017-07-14,4.64,4.64,4.54,4.6,6393500,AXIATA
2017-07-17,4.61,4.65,4.59,4.64,5305600,AXIATA
2017-07-18,4.65,4.66,4.62,4.65,1483400,AXIATA
2017-07-19,4.64,4.69,4.63,4.68,2897200,AXIATA
2017-07-20,4.69,4.76,4.67,4.73,3945800,AXIATA
2017-07-21,4.73,4.76,4.68,4.72,7118400,AXIATA
2017-07-24,4.72,4.75,4.66,4.69,3375200,AXIATA
2017-07-25,4.7,4.71,4.65,4.71,1312100,AXIATA
2017-07-26,4.7,4.7,4.67,4.69,1274500,AXIATA
2017-07-27,4.68,4.7,4.66,4.69,783200,AXIATA
2017-07-28,4.68,4.68,4.6,4.63,3744700,AXIATA
2017-07-31,4.63,4.64,4.6,4.63,4402800,AXIATA
2017-08-01,4.65,4.67,4.63,4.66,1997000,AXIATA
2017-08-02,4.69,4.73,4.66,4.69,2664100,AXIATA
2017-08-03,4.7,4.8,4.7,4.8,3693100,AXIATA
2017-08-04,4.79,4.81,4.74,4.79,3151600,AXIATA
2017-08-07,4.8,4.84,4.79,4.83,13145000,AXIATA
2017-08-08,4.83,4.87,4.81,4.86,2194800,AXIATA
2017-08-09,4.8,4.88,4.8,4.87,1075600,AXIATA
2017-08-10,4.9,4.9,4.82,4.87,3831400,AXIATA
2017-08-11,4.8,4.85,4.79,4.8,2694700,AXIATA
2017-08-14,4.8,4.82,4.78,4.81,2130000,AXIATA
2017-08-15,4.8,4.83,4.8,4.83,3881500,AXIATA
2017-08-16,4.83,4.85,4.82,4.84,3168000,AXIATA
2017-08-17,4.84,4.85,4.82,4.85,2948000,AXIATA
2017-08-18,4.82,4.84,4.81,4.84,2830100,AXIATA
2017-08-21,4.85,4.88,4.83,4.85,4375900,AXIATA
2017-08-22,4.83,4.87,4.83,4.85,2874700,AXIATA
2017-08-23,4.82,4.88,4.82,4.87,1718300,AXIATA
2017-08-24,4.88,4.9,4.86,4.89,2954600,AXIATA
2017-08-25,4.89,4.92,4.88,4.9,1832800,AXIATA
2017-08-28,4.89,4.92,4.86,4.9,1306400,AXIATA
2017-08-29,4.8,4.88,4.78,4.85,3365300,AXIATA
2017-08-30,4.9,4.93,4.82,4.93,5052400,AXIATA
2017-08-31,4.93,4.93,4.93,4.93,0,AXIATA
2017-09-01,4.93,4.93,4.93,4.93,0,AXIATA
2017-09-04,4.93,4.93,4.93,4.93,0,AXIATA
2017-09-05,5.07,5.16,4.99,5.05,17870100,AXIATA
2017-09-06,5.05,5.06,4.96,4.99,6855300,AXIATA
2017-09-07,5,5.09,5,5.09,12596900,AXIATA
2017-09-08,5.08,5.1,5.05,5.09,4091700,AXIATA
2017-09-11,5.09,5.15,5.08,5.12,10826200,AXIATA
2017-09-12,5.1,5.15,5.09,5.13,7622900,AXIATA
2017-09-13,5.13,5.17,5.1,5.1,5237600,AXIATA
2017-09-14,5.1,5.14,5.07,5.09,7508600,AXIATA
2017-09-15,5.15,5.16,5.02,5.09,12930500,AXIATA
2017-09-18,5.09,5.11,5.04,5.05,4267400,AXIATA
2017-09-19,5.11,5.13,5.04,5.06,7081700,AXIATA
2017-09-20,5.08,5.09,5.01,5.03,4673500,AXIATA
2017-09-21,5.03,5.09,5.03,5.08,4311200,AXIATA
2017-09-22,5.08,5.08,5.08,5.08,0,AXIATA
2017-09-25,5.07,5.15,5.04,5.12,8397300,AXIATA
2017-09-26,5.13,5.15,5.09,5.14,4118200,AXIATA
2017-09-27,5.13,5.19,5.12,5.18,11074600,AXIATA
2017-09-28,5.19,5.23,5.14,5.21,12152400,AXIATA
2017-09-29,5.22,5.26,5.2,5.24,9728000,AXIATA
2017-10-02,5.25,5.26,5.22,5.25,5539400,AXIATA
2017-10-03,5.25,5.28,5.24,5.28,6199800,AXIATA
2017-10-04,5.27,5.32,5.27,5.3,6321700,AXIATA
2017-10-05,5.32,5.32,5.27,5.3,6918500,AXIATA
2017-10-06,5.33,5.33,5.27,5.32,7929800,AXIATA
2017-10-09,5.3,5.34,5.26,5.33,8570000,AXIATA
2017-10-10,5.26,5.32,5.22,5.32,2356100,AXIATA
2017-10-11,5.27,5.31,5.25,5.29,11147000,AXIATA
2017-10-12,5.29,5.33,5.21,5.33,6965200,AXIATA
2017-10-13,5.33,5.33,5.24,5.27,7189100,AXIATA
2017-10-16,5.24,5.26,5.12,5.16,6932700,AXIATA
2017-10-17,5.1,5.25,5.1,5.18,7190100,AXIATA
2017-10-18,5.18,5.18,5.18,5.18,0,AXIATA
2017-10-19,5.14,5.2,5.09,5.18,6543600,AXIATA
2017-10-20,5.17,5.17,5.13,5.16,2008700,AXIATA
2017-10-23,5.16,5.23,5.15,5.22,1660500,AXIATA
2017-10-24,5.15,5.24,5.15,5.23,2506200,AXIATA
2017-10-25,5.23,5.25,5.17,5.24,6033000,AXIATA
2017-10-26,5.24,5.28,5.24,5.27,3797400,AXIATA
2017-10-27,5.25,5.35,5.25,5.34,7620100,AXIATA
2017-10-30,5.34,5.35,5.27,5.34,4689200,AXIATA
2017-10-31,5.34,5.4,5.34,5.39,16739900,AXIATA
2017-11-01,5.38,5.4,5.37,5.4,6640500,AXIATA
2017-11-02,5.4,5.42,5.39,5.41,4022200,AXIATA
2017-11-03,5.44,5.44,5.4,5.43,6772100,AXIATA
2017-11-06,5.43,5.45,5.39,5.44,3988400,AXIATA
2017-11-07,5.44,5.45,5.41,5.44,3033100,AXIATA
2017-11-08,5.44,5.46,5.43,5.45,5496300,AXIATA
2017-11-09,5.44,5.47,5.43,5.44,5049800,AXIATA
2017-11-10,5.44,5.44,5.33,5.34,3966600,AXIATA
2017-11-13,5.31,5.37,5.31,5.34,7350000,AXIATA
2017-11-14,5.34,5.38,5.33,5.35,4342900,AXIATA
2017-11-15,5.38,5.38,5.32,5.32,5892200,AXIATA
2017-11-16,5.31,5.33,5.18,5.18,9229400,AXIATA
2017-11-17,5.18,5.31,5.18,5.28,3335300,AXIATA
2017-11-20,5.26,5.34,5.24,5.29,5877900,AXIATA
2017-11-21,5.28,5.31,5.28,5.29,6056900,AXIATA
2017-11-22,5.29,5.3,5.28,5.29,7141600,AXIATA
2017-11-23,5.3,5.32,5.25,5.3,7413000,AXIATA
2017-11-24,5.3,5.33,5.28,5.31,1579000,AXIATA
2017-11-27,5.32,5.34,5.27,5.31,2727700,AXIATA
2017-11-28,5.31,5.34,5.29,5.3,5962800,AXIATA
2017-11-29,5.34,5.34,5.3,5.32,5131700,AXIATA
2017-11-30,5.35,5.35,5.31,5.33,10154900,AXIATA
2017-12-01,5.33,5.33,5.33,5.33,0,AXIATA
2017-12-04,5.33,5.35,5.32,5.34,3131400,AXIATA
2017-12-05,5.25,5.4,5.25,5.36,6488400,AXIATA
2017-12-06,5.36,5.37,5.31,5.37,4467400,AXIATA
2017-12-07,5.38,5.38,5.34,5.34,4464900,AXIATA
2017-12-08,5.34,5.36,5.34,5.36,2365000,AXIATA
2017-12-11,5.37,5.37,5.33,5.36,3933400,AXIATA
2017-12-12,5.37,5.37,5.31,5.37,4013600,AXIATA
2017-12-13,5.36,5.38,5.3,5.33,5737100,AXIATA
2017-12-14,5.35,5.37,5.33,5.36,5823700,AXIATA
2017-12-15,5.36,5.38,5.32,5.32,9727600,AXIATA
2017-12-18,5.34,5.36,5.29,5.35,6270200,AXIATA
2017-12-19,5.3,5.36,5.3,5.35,6913800,AXIATA
2017-12-20,5.35,5.38,5.35,5.37,4086000,AXIATA
2017-12-21,5.38,5.4,5.36,5.37,3422500,AXIATA
2017-12-22,5.37,5.4,5.35,5.39,3088300,AXIATA
2017-12-25,5.39,5.39,5.39,5.39,0,AXIATA
2017-12-26,5.39,5.4,5.37,5.38,3712800,AXIATA
2017-12-27,5.38,5.39,5.37,5.38,3225600,AXIATA
2017-12-28,5.38,5.42,5.38,5.4,5026300,AXIATA
2017-12-29,5.4,5.49,5.39,5.49,9853900,AXIATA
2018-01-02,5.46,5.48,5.37,5.39,5779300,AXIATA
2018-01-03,5.41,5.42,5.39,5.42,6602300,AXIATA
2018-01-04,5.44,5.46,5.41,5.46,5295000,AXIATA
2018-01-05,5.48,5.82,5.48,5.69,12373400,AXIATA
2018-01-08,5.7,5.7,5.54,5.68,10156000,AXIATA
2018-01-09,5.68,5.68,5.59,5.63,7848700,AXIATA
2018-01-10,5.63,5.67,5.58,5.62,5254200,AXIATA
2018-01-11,5.6,5.61,5.54,5.57,11873800,AXIATA
2018-01-12,5.65,5.65,5.51,5.55,4743600,AXIATA
2018-01-15,5.57,5.57,5.52,5.55,6619900,AXIATA
2018-01-16,5.54,5.6,5.5,5.55,6789100,AXIATA
2018-01-17,5.51,5.55,5.47,5.55,5694900,AXIATA
2018-01-18,5.55,5.58,5.54,5.55,6804700,AXIATA
2018-01-19,5.56,5.56,5.53,5.55,6641600,AXIATA
2018-01-22,5.57,5.57,5.54,5.56,4816400,AXIATA
2018-01-23,5.55,5.63,5.55,5.59,8693700,AXIATA
2018-01-24,5.56,5.58,5.55,5.56,4423100,AXIATA
2018-01-25,5.56,5.62,5.54,5.61,6611700,AXIATA
2018-01-26,5.59,5.62,5.59,5.62,2813400,AXIATA
2018-01-29,5.63,5.7,5.63,5.68,6553200,AXIATA
2018-01-30,5.68,5.7,5.63,5.69,6545300,AXIATA
2018-02-02,5.65,5.7,5.63,5.7,7120400,AXIATA
2018-02-05,5.57,5.66,5.56,5.62,8731600,AXIATA
2018-02-06,5.45,5.46,5.37,5.37,19008900,AXIATA
2018-02-07,5.43,5.45,5.4,5.4,19125700,AXIATA
2018-02-08,5.4,5.55,5.4,5.48,6189400,AXIATA
2018-02-09,5.38,5.45,5.36,5.42,7987900,AXIATA
2018-02-12,5.45,5.6,5.45,5.58,6418300,AXIATA
2018-02-13,5.59,5.62,5.58,5.61,9591100,AXIATA
2018-02-14,5.6,5.61,5.58,5.6,4037300,AXIATA
2018-02-15,5.61,5.61,5.59,5.6,1453800,AXIATA
2018-02-19,5.6,5.77,5.6,5.64,3149900,AXIATA
2018-02-20,5.59,5.67,5.59,5.67,3661800,AXIATA
2018-02-21,5.63,5.69,5.63,5.68,5896800,AXIATA
2018-02-22,5.63,5.69,5.63,5.67,6575300,AXIATA
2018-02-23,5.67,5.67,5.64,5.65,7860800,AXIATA
2018-02-26,5.66,5.66,5.57,5.59,3581000,AXIATA
2018-02-27,5.6,5.6,5.29,5.46,14234700,AXIATA
2018-02-28,5.48,5.54,5.4,5.4,8750600,AXIATA
2018-03-01,5.39,5.46,5.37,5.42,7746300,AXIATA
2018-03-02,5.4,5.44,5.33,5.33,8407300,AXIATA
2018-03-05,5.31,5.41,5.31,5.37,4504900,AXIATA
2018-03-06,5.37,5.41,5.37,5.4,5648500,AXIATA
2018-03-07,5.4,5.44,5.4,5.41,4710700,AXIATA
2018-03-08,5.41,5.44,5.41,5.43,2419200,AXIATA
2018-03-09,5.4,5.43,5.4,5.43,3122100,AXIATA
2018-03-12,5.45,5.48,5.44,5.45,5652900,AXIATA
2018-03-13,5.46,5.48,5.4,5.45,3460900,AXIATA
2018-03-14,5.45,5.46,5.39,5.4,2407000,AXIATA
2018-03-15,5.41,5.46,5.2,5.2,4617200,AXIATA
2018-03-16,5.25,5.41,5.22,5.32,14455900,AXIATA
2018-03-19,5.29,5.37,5.29,5.35,4044900,AXIATA
2018-03-20,5.29,5.52,5.29,5.49,5856500,AXIATA
2018-03-21,5.53,5.53,5.44,5.49,8183700,AXIATA
2018-03-22,5.49,5.5,5.46,5.5,3402000,AXIATA
2018-03-23,5.44,5.49,5.38,5.43,1767700,AXIATA
2018-03-26,5.31,5.46,5.31,5.46,1491700,AXIATA
2018-03-27,5.44,5.48,5.44,5.47,3944700,AXIATA
2018-03-28,5.47,5.5,5.45,5.48,2344500,AXIATA
2018-03-29,5.48,5.48,5.35,5.46,1937500,AXIATA
2018-03-30,5.5,5.5,5.36,5.45,1434000,AXIATA
2018-04-02,5.36,5.43,5.35,5.38,1166600,AXIATA
2018-04-03,5.25,5.39,5.25,5.38,746000,AXIATA
2018-04-04,5.38,5.38,5.21,5.26,2430800,AXIATA
2018-04-05,5.26,5.35,5.18,5.25,1014600,AXIATA
2018-04-06,5.25,5.3,5.16,5.26,626500,AXIATA
2018-04-09,5.18,5.27,5.18,5.26,3095300,AXIATA
2018-04-10,5.27,5.32,5.24,5.32,4228200,AXIATA
2018-04-11,5.31,5.32,5.26,5.31,873300,AXIATA
2018-04-12,5.44,5.44,5.3,5.4,2326200,AXIATA
2018-04-13,5.32,5.39,5.32,5.39,1607800,AXIATA
2018-04-16,5.4,5.43,5.31,5.43,2017300,AXIATA
2018-04-17,5.37,5.45,5.34,5.44,6911700,AXIATA
2018-04-18,5.45,5.45,5.33,5.38,1851200,AXIATA
2018-04-19,5.42,5.45,5.37,5.45,3456300,AXIATA
2018-04-20,5.45,5.46,5.42,5.45,7507700,AXIATA
2018-04-23,5.47,5.47,5.35,5.45,3256000,AXIATA
2018-04-24,5.44,5.44,5.28,5.33,1143100,AXIATA
2018-04-25,5.24,5.32,5.22,5.3,2284600,AXIATA
2018-04-26,5.34,5.35,5.08,5.16,5881300,AXIATA
2018-04-27,5.16,5.31,5.06,5.3,2749900,AXIATA
2018-04-30,5.21,5.35,5.21,5.3,4446100,AXIATA
2018-05-02,5.24,5.31,5.12,5.18,4735800,AXIATA
2018-05-03,5.13,5.21,5.13,5.19,2250500,AXIATA
2018-05-04,5.15,5.2,5.1,5.15,3407800,AXIATA
2018-05-07,5.12,5.13,5.05,5.11,2293100,AXIATA
2018-05-08,5.1,5.32,5.08,5.29,4580400,AXIATA
2018-05-14,4.91,5.37,4.61,5.2,10799500,AXIATA
2018-05-15,5.15,5.23,5.15,5.16,4467200,AXIATA
2018-05-16,5.16,5.29,5.15,5.21,2385500,AXIATA
2018-05-17,5.25,5.25,5.15,5.17,4079600,AXIATA
2018-05-18,5.19,5.21,5.15,5.16,2860600,AXIATA
2018-05-21,5.13,5.16,5.07,5.13,3297800,AXIATA
2018-05-22,5.1,5.15,5.06,5.07,1269700,AXIATA
2018-05-23,4.76,4.76,4.35,4.43,8038700,AXIATA
2018-05-24,4.45,4.5,4.16,4.3,4733800,AXIATA
2018-05-25,4.3,4.65,4.3,4.52,8758600,AXIATA
2018-05-28,4.47,4.5,4.34,4.36,2482200,AXIATA
2018-05-30,4.36,4.36,4.36,4.36,0,AXIATA
2018-05-31,4.25,4.25,4.25,4.25,0,AXIATA
2018-06-01,4.36,4.45,4.35,4.4,4890600,AXIATA
2018-06-04,4.4,4.42,4.31,4.4,4478200,AXIATA
2018-06-05,4.38,4.49,4.34,4.42,7774100,AXIATA
2018-06-06,4.42,4.67,4.42,4.65,10004100,AXIATA
2018-06-07,4.66,4.67,4.63,4.64,8439300,AXIATA
2018-06-08,4.64,4.66,4.62,4.63,7096100,AXIATA
2018-06-11,4.54,4.81,4.54,4.79,5820000,AXIATA
2018-06-12,4.79,4.83,4.75,4.77,3386100,AXIATA
2018-06-13,4.77,4.8,4.72,4.8,3456000,AXIATA
2018-06-14,4.66,4.8,4.66,4.77,7689400,AXIATA
2018-06-18,4.63,4.69,4.45,4.45,7440600,AXIATA
2018-06-19,4.45,4.45,4.31,4.34,7851100,AXIATA
2018-06-20,4.33,4.41,4.33,4.37,2669700,AXIATA
2018-06-21,4.39,4.4,4.19,4.33,5816800,AXIATA
2018-06-22,4.25,4.29,4.19,4.26,4791100,AXIATA
2018-06-25,4.28,4.31,4.06,4.06,5021000,AXIATA
2018-06-26,4.06,4.17,4.05,4.09,4092900,AXIATA
2018-06-27,4.17,4.17,3.94,4.05,6360200,AXIATA
2018-06-28,4.02,4.03,3.92,3.97,8412800,AXIATA
2018-06-29,4,4.16,3.78,3.8,16319100,AXIATA
2018-07-02,3.82,4.05,3.76,4.05,6464500,AXIATA
2018-07-03,4.02,4.1,3.91,4.04,3848800,AXIATA
2018-07-04,4.02,4.25,4.02,4.21,2874500,AXIATA
2018-07-05,4.26,4.27,4.1,4.11,1142600,AXIATA
2018-07-06,4.06,4.15,3.85,3.85,8772400,AXIATA
2018-07-09,3.88,4.07,3.86,4.07,3461800,AXIATA
2018-07-10,4.04,4.17,3.98,4.17,3391800,AXIATA
2018-07-11,4.1,4.1,3.98,4.02,3262700,AXIATA
2018-07-12,4.02,4.19,3.97,4.06,6740000,AXIATA
2018-07-13,4.13,4.19,4.07,4.17,5754000,AXIATA
2018-07-16,4.18,4.2,4.15,4.19,1562500,AXIATA
2018-07-17,4.19,4.25,4.18,4.23,3717700,AXIATA
2018-07-18,4.21,4.42,4.21,4.4,6457400,AXIATA
2018-07-19,4.4,4.45,4.36,4.4,6561900,AXIATA
2018-07-20,4.4,4.45,4.32,4.34,3860400,AXIATA
2018-07-23,4.35,4.41,4.3,4.4,4000300,AXIATA
2018-07-24,4.39,4.48,4.39,4.47,1371200,AXIATA
2018-07-25,4.46,4.49,4.44,4.44,2233000,AXIATA
2018-07-26,4.46,4.46,4.24,4.27,5937100,AXIATA
2018-07-27,4.3,4.37,4.29,4.33,5523700,AXIATA
2018-07-30,4.33,4.4,4.33,4.34,8138500,AXIATA
2018-07-31,4.35,4.45,4.34,4.39,10740000,AXIATA
2018-08-01,4.4,4.48,4.4,4.46,5243900,AXIATA
2018-08-02,4.48,4.48,4.35,4.39,1634700,AXIATA
2018-08-03,4.39,4.39,4.3,4.32,4229400,AXIATA
2018-08-06,4.32,4.36,4.29,4.31,5881500,AXIATA
2018-08-07,4.34,4.42,4.3,4.34,3952400,AXIATA
2018-08-08,4.37,4.6,4.37,4.55,6355700,AXIATA
2018-08-09,4.55,4.57,4.51,4.52,4701500,AXIATA
2018-08-10,4.52,4.54,4.48,4.5,3211100,AXIATA
2018-08-13,4.55,4.55,4.4,4.43,2983600,AXIATA
2018-08-14,4.36,4.5,4.36,4.48,2273800,AXIATA
2018-08-15,4.49,4.49,4.31,4.38,4747600,AXIATA
2018-08-16,4.33,4.41,4.28,4.29,3446300,AXIATA
2018-08-17,4.29,4.36,4.29,4.35,3458800,AXIATA
2018-08-20,4.35,4.47,4.3,4.45,4155900,AXIATA
2018-08-21,4.41,4.5,4.41,4.49,4456400,AXIATA
2018-08-23,4.5,4.65,4.44,4.62,8155900,AXIATA
2018-08-24,4.56,4.72,4.45,4.72,5036600,AXIATA
2018-08-27,4.64,4.69,4.55,4.65,8473300,AXIATA
2018-08-28,4.66,4.83,4.58,4.82,6193200,AXIATA
2018-08-29,4.73,4.82,4.73,4.81,10314700,AXIATA
2018-08-30,4.8,4.81,4.73,4.8,9485100,AXIATA
2018-09-03,4.73,4.81,4.6,4.71,3016000,AXIATA
2018-09-04,4.7,4.7,4.58,4.65,3457700,AXIATA
2018-09-05,4.58,4.64,4.45,4.48,11301900,AXIATA
2018-09-06,4.49,4.59,4.46,4.55,4376200,AXIATA
2018-09-07,4.5,4.54,4.47,4.53,2443000,AXIATA
2018-09-12,4.65,4.65,4.32,4.43,5164100,AXIATA
2018-09-13,4.44,4.59,4.42,4.55,4568500,AXIATA
2018-09-14,4.55,4.64,4.54,4.61,4712900,AXIATA
2018-09-18,4.6,4.6,4.5,4.6,3824300,AXIATA
2018-09-19,4.59,4.71,4.59,4.64,3575300,AXIATA
2018-09-20,4.65,4.7,4.63,4.63,4893800,AXIATA
2018-09-21,4.64,4.76,4.62,4.68,6963900,AXIATA
2018-09-24,4.78,4.78,4.65,4.77,583400,AXIATA
2018-09-25,4.7,4.75,4.52,4.56,2117400,AXIATA
2018-09-26,4.6,4.75,4.56,4.75,3023400,AXIATA
2018-09-27,4.68,4.85,4.63,4.73,2976100,AXIATA
2018-09-28,4.79,4.79,4.51,4.56,8039900,AXIATA
2018-10-01,4.57,4.67,4.54,4.65,1399500,AXIATA
2018-10-02,4.63,4.63,4.57,4.63,4939700,AXIATA
2018-10-03,4.62,4.63,4.61,4.62,4349300,AXIATA
2018-10-04,4.65,4.65,4.5,4.5,6430700,AXIATA
2018-10-05,4.52,4.52,4.23,4.3,6412200,AXIATA
2018-10-08,4.3,4.36,4.25,4.29,2500200,AXIATA
2018-10-09,4.29,4.41,4.26,4.41,2567300,AXIATA
2018-10-10,4.43,4.43,3.85,3.85,11764000,AXIATA
2018-10-11,3.7,4.03,3.63,4.01,13570700,AXIATA
2018-10-12,4,4.02,3.85,3.91,6440600,AXIATA
2018-10-15,3.92,3.95,3.88,3.9,5030100,AXIATA
2018-10-16,3.88,3.91,3.87,3.9,5359400,AXIATA
2018-10-17,3.92,3.92,3.87,3.9,3233700,AXIATA
2018-10-18,3.9,3.9,3.88,3.89,3998600,AXIATA
2018-10-19,3.87,3.88,3.67,3.71,2999400,AXIATA
2018-10-22,3.71,3.73,3.47,3.49,3746100,AXIATA
2018-10-23,3.52,3.54,3.2,3.25,9153500,AXIATA
2018-10-24,3.26,3.41,3.26,3.33,12972200,AXIATA
2018-10-25,3.33,3.44,3.29,3.44,13698900,AXIATA
2018-10-26,3.45,3.49,3.45,3.46,7033700,AXIATA
2018-10-29,3.47,3.49,3.42,3.44,4219900,AXIATA
2018-10-30,3.49,3.49,3.38,3.38,2149600,AXIATA
2018-10-31,3.44,3.45,3.37,3.41,11164200,AXIATA
2018-11-01,3.45,3.45,3.39,3.44,3662000,AXIATA
2018-11-02,3.45,3.46,3.39,3.43,7535900,AXIATA
2018-11-05,3.48,3.48,3.41,3.48,8410600,AXIATA
2018-11-07,3.49,3.6,3.46,3.6,7545500,AXIATA
2018-11-08,3.58,3.63,3.53,3.62,13806800,AXIATA
2018-11-09,3.61,3.62,3.54,3.58,7236900,AXIATA
2018-11-12,3.57,3.6,3.52,3.52,2125800,AXIATA
2018-11-13,3.5,3.5,3.44,3.45,3993400,AXIATA
2018-11-14,3.45,3.46,3.4,3.44,4010600,AXIATA
2018-11-15,3.46,3.49,3.43,3.46,3594800,AXIATA
2018-11-16,3.5,3.59,3.48,3.5,4697600,AXIATA
2018-11-19,3.54,3.6,3.46,3.51,3099200,AXIATA
2018-11-21,3.48,3.48,3.39,3.42,3241400,AXIATA
2018-11-22,3.41,3.45,3.4,3.43,2474500,AXIATA
2018-11-23,3.42,3.43,3.39,3.41,3823600,AXIATA
2018-11-26,3.39,3.46,3.36,3.45,6981300,AXIATA
2018-11-27,3.46,3.53,3.44,3.5,9050100,AXIATA
2018-11-28,3.5,3.63,3.5,3.63,8499400,AXIATA
2018-11-29,3.7,3.84,3.69,3.78,9484000,AXIATA
2018-11-30,3.82,3.82,3.63,3.63,10151400,AXIATA
2018-12-03,3.7,3.95,3.7,3.95,9200000,AXIATA
2018-12-04,3.94,3.95,3.85,3.95,5840300,AXIATA
2018-12-05,3.87,3.91,3.85,3.9,2760000,AXIATA
2018-12-06,3.9,3.95,3.81,3.87,5011800,AXIATA
2018-12-07,3.86,3.9,3.83,3.88,605000,AXIATA
2018-12-10,3.86,3.88,3.79,3.8,3058300,AXIATA
2018-12-11,3.8,3.83,3.75,3.76,3242700,AXIATA
2018-12-12,3.77,3.81,3.73,3.76,5041000,AXIATA
2018-12-13,3.8,3.93,3.79,3.88,3829900,AXIATA
2018-12-14,3.9,3.9,3.8,3.86,4073500,AXIATA
2018-12-17,3.84,3.86,3.72,3.77,1007100,AXIATA
2018-12-18,3.7,3.85,3.7,3.8,2800900,AXIATA
2018-12-19,3.8,3.94,3.79,3.86,2125100,AXIATA
2018-12-20,3.8,3.86,3.8,3.81,3077800,AXIATA
2018-12-21,3.82,3.89,3.78,3.86,6829000,AXIATA
2018-12-24,3.88,4.02,3.83,4.02,2980600,AXIATA
2018-12-26,3.94,4,3.93,3.98,787100,AXIATA
2018-12-27,4.04,4.05,3.98,4,6296400,AXIATA
2018-12-28,4.02,4.03,3.95,3.97,4372500,AXIATA
2018-12-31,4.02,4.02,3.89,3.93,2438500,AXIATA
2019-01-02,3.93,3.93,3.77,3.77,2076600,AXIATA
2019-01-03,3.82,3.87,3.79,3.82,2801300,AXIATA
2019-01-04,3.83,3.83,3.77,3.8,1638800,AXIATA
2019-01-07,3.8,3.83,3.77,3.81,4218000,AXIATA
2019-01-08,3.84,3.96,3.82,3.91,2703200,AXIATA
2019-01-09,3.91,4.02,3.91,3.93,5453100,AXIATA
2019-01-10,4,4.03,3.96,4,4212800,AXIATA
2019-01-11,4.03,4.03,3.99,4.01,5117800,AXIATA
2019-01-14,4.01,4.01,3.95,4,1918100,AXIATA
2019-01-15,3.93,3.97,3.91,3.95,3634200,AXIATA
2019-01-16,3.92,4.01,3.92,4,2469600,AXIATA
2019-01-17,4.01,4.05,4,4.01,2631100,AXIATA
2019-01-18,4,4.07,4,4.06,7597500,AXIATA
2019-01-22,4.1,4.17,4.09,4.12,4015700,AXIATA
2019-01-23,4.11,4.11,4.02,4.08,2354600,AXIATA
2019-01-24,4.05,4.08,4,4.03,2527200,AXIATA
2019-01-25,4.08,4.1,4.05,4.08,3962600,AXIATA
2019-01-28,4.1,4.15,4.07,4.14,6360400,AXIATA
2019-01-29,4.14,4.14,3.96,3.96,10005900,AXIATA
2019-01-30,3.99,4.08,3.99,4.04,4180100,AXIATA
2019-01-31,4.08,4.1,3.98,4.01,10046400,AXIATA
2019-02-04,4.1,4.1,4.01,4.02,1229100,AXIATA
2019-02-07,4.02,4.08,3.87,3.9,8898900,AXIATA
2019-02-08,3.8,3.8,3.7,3.73,14218400,AXIATA
2019-02-11,3.74,3.85,3.71,3.83,4023200,AXIATA
2019-02-12,3.86,3.95,3.83,3.94,4889800,AXIATA
2019-02-13,3.88,3.95,3.88,3.89,5793700,AXIATA
2019-02-14,3.9,3.95,3.86,3.95,5068200,AXIATA
2019-02-15,3.93,3.95,3.88,3.94,7065300,AXIATA
2019-02-18,3.99,4.03,3.97,4.01,10002000,AXIATA
2019-02-19,4.03,4.12,4.02,4.11,8063900,AXIATA
2019-02-20,4.12,4.34,4.11,4.31,6720900,AXIATA
2019-02-21,4.3,4.37,4.24,4.3,6224400,AXIATA
2019-02-22,4.29,4.3,4.23,4.25,4724600,AXIATA
2019-02-25,4.01,4.19,4.01,4.17,5895400,AXIATA
2019-02-26,4.17,4.17,4.08,4.12,4391500,AXIATA
2019-02-27,4.09,4.1,4.05,4.09,3595900,AXIATA
2019-02-28,4.09,4.17,4.05,4.16,5145300,AXIATA
2019-03-01,4.18,4.23,4.12,4.19,3363100,AXIATA
2019-03-04,4.14,4.22,4.13,4.15,4832800,AXIATA
2019-03-05,4.1,4.17,4.05,4.14,2442300,AXIATA
2019-03-06,4.14,4.19,4.14,4.16,2228200,AXIATA
2019-03-07,4.12,4.2,4.12,4.19,1446300,AXIATA
2019-03-08,4.12,4.19,4.12,4.16,3219100,AXIATA
2019-03-11,4.16,4.17,4.03,4.08,4043400,AXIATA
2019-03-12,4.04,4.1,4.04,4.06,3127800,AXIATA
2019-03-13,4.09,4.22,4.09,4.22,2674800,AXIATA
2019-03-14,4.16,4.22,4.14,4.16,1287200,AXIATA
2019-03-15,4.13,4.2,4.11,4.2,14746100,AXIATA
2019-03-18,4.19,4.28,4.19,4.25,1972100,AXIATA
2019-03-19,4.25,4.29,4.17,4.19,869800,AXIATA
2019-03-20,4.29,4.29,4.16,4.21,1770400,AXIATA
2019-03-21,4.24,4.24,4.13,4.21,5974100,AXIATA
2019-03-22,4.18,4.27,4.18,4.27,3538000,AXIATA
2019-03-25,4.14,4.18,4.12,4.18,4063500,AXIATA
2019-03-26,4.15,4.2,4.15,4.18,4866500,AXIATA
2019-03-27,4.17,4.17,4.08,4.12,5135900,AXIATA
2019-03-28,4.1,4.12,4.07,4.12,1544700,AXIATA
2019-03-29,4.1,4.17,4.1,4.15,4706500,AXIATA
2019-04-01,4.15,4.17,4.12,4.12,6046200,AXIATA
2019-04-02,4.1,4.17,4.1,4.12,4630400,AXIATA
2019-04-03,4.12,4.16,4.12,4.14,4305100,AXIATA
2019-04-04,4.15,4.19,4.14,4.18,4594600,AXIATA
2019-04-05,4.18,4.18,4.15,4.18,1471300,AXIATA
2019-04-08,4.18,4.25,4.18,4.23,2648600,AXIATA
2019-04-09,4.2,4.23,4.1,4.19,5566200,AXIATA
2019-04-10,4.11,4.16,4.09,4.15,6085700,AXIATA
2019-04-11,4.1,4.12,4.08,4.09,3215300,AXIATA
2019-04-12,4.09,4.2,4.08,4.15,3085700,AXIATA
2019-04-15,4.14,4.19,4.14,4.16,1529400,AXIATA
2019-04-16,4.16,4.22,4.15,4.18,1368700,AXIATA
2019-04-17,4.12,4.16,4.11,4.13,4752200,AXIATA
2019-04-18,4.03,4.14,4.03,4.08,3887900,AXIATA
2019-04-19,4.05,4.1,4.03,4.04,2533900,AXIATA
2019-04-22,4.04,4.04,3.86,3.88,4117200,AXIATA
2019-04-23,3.89,3.95,3.86,3.87,3102200,AXIATA
2019-04-24,3.9,3.95,3.9,3.93,3752200,AXIATA
2019-04-25,3.93,3.98,3.93,3.98,3715800,AXIATA
2019-04-26,3.99,3.99,3.91,3.99,1304000,AXIATA
2019-04-29,3.99,3.99,3.93,3.98,1241300,AXIATA
2019-04-30,3.95,4,3.95,3.97,2936100,AXIATA
2019-05-02,3.97,3.97,3.94,3.95,1733100,AXIATA
2019-05-03,3.96,4.05,3.9,4.04,2697100,AXIATA
2019-05-06,4.04,4.04,4.04,4.04,0,AXIATA
2019-05-07,4.46,4.78,4.46,4.64,38166700,AXIATA
2019-05-08,4.64,4.64,4.55,4.56,18384100,AXIATA
2019-05-09,4.51,4.54,4.46,4.48,6477900,AXIATA
2019-05-10,4.4,4.51,4.3,4.39,5022300,AXIATA
2019-05-13,4.39,4.42,4.14,4.3,5368300,AXIATA
2019-05-14,4.17,4.32,4.11,4.3,13394500,AXIATA
2019-05-15,4.3,4.48,4.3,4.42,6812700,AXIATA
2019-05-16,4.37,4.45,4.37,4.4,6808700,AXIATA
2019-05-17,4.37,4.49,4.37,4.44,2585400,AXIATA
2019-05-21,4.45,4.46,4.35,4.39,1866300,AXIATA
2019-05-23,4.4,4.48,4.36,4.41,3890700,AXIATA
2019-05-24,4.35,4.5,4.35,4.45,2907900,AXIATA
2019-05-27,4.5,4.56,4.41,4.54,1391300,AXIATA
2019-05-28,4.59,4.6,4.54,4.54,12651400,AXIATA
2019-05-29,4.55,4.56,4.47,4.5,5741800,AXIATA
2019-05-30,4.5,4.71,4.5,4.65,11450000,AXIATA
2019-05-31,4.64,4.72,4.53,4.69,7404200,AXIATA
2019-06-03,4.59,4.69,4.56,4.68,3222200,AXIATA
2019-06-04,4.6,4.68,4.56,4.56,886200,AXIATA
2019-06-05,4.56,4.56,4.56,4.56,0,AXIATA
2019-06-06,4.56,4.56,4.56,4.56,0,AXIATA
2019-06-07,4.56,4.68,4.56,4.66,5193800,AXIATA
2019-06-10,4.66,4.69,4.63,4.66,4885600,AXIATA
2019-06-11,4.66,4.74,4.65,4.7,6798200,AXIATA
2019-06-12,4.65,4.71,4.65,4.71,2930200,AXIATA
2019-06-13,4.68,4.73,4.68,4.7,4958200,AXIATA
2019-06-14,4.73,4.76,4.7,4.73,1632200,AXIATA
2019-06-17,4.73,4.75,4.65,4.71,3768000,AXIATA
2019-06-18,4.68,4.95,4.68,4.95,5276100,AXIATA
2019-06-19,4.95,5.05,4.89,5.05,9332400,AXIATA
2019-06-20,4.98,5.09,4.97,5.05,12429900,AXIATA
2019-06-21,5.05,5.07,4.99,5.05,19122600,AXIATA
2019-06-24,5.05,5.06,4.92,4.99,7853900,AXIATA
2019-06-25,4.93,5.02,4.93,5,11543200,AXIATA
2019-06-26,5,5.03,4.98,5,2884400,AXIATA
2019-06-27,4.95,5.03,4.95,5,6846400,AXIATA
2019-06-28,4.96,5.05,4.96,4.98,5134300,AXIATA
2019-07-01,5.01,5.15,5.01,5.15,6602400,AXIATA
2019-07-02,5.16,5.23,5.12,5.2,15465600,AXIATA
2019-07-03,5.2,5.23,5.16,5.22,12271700,AXIATA
2019-07-04,5.21,5.28,5.21,5.26,9693800,AXIATA
2019-07-05,5.26,5.26,5.17,5.2,5138400,AXIATA
2019-07-08,5.19,5.19,5.07,5.15,5999400,AXIATA
2019-07-09,5.15,5.19,5.15,5.17,7878900,AXIATA
2019-07-10,5.17,5.23,5.17,5.18,5682200,AXIATA
2019-07-11,5.2,5.2,5.16,5.18,3577000,AXIATA
2019-07-12,5.17,5.2,5.17,5.18,2618100,AXIATA
2019-07-15,5.18,5.2,5.14,5.19,2733000,AXIATA
2019-07-16,5.2,5.2,5.15,5.15,3714700,AXIATA
2019-07-17,5.19,5.19,5.12,5.14,4289000,AXIATA
2019-07-18,5.14,5.15,5.03,5.1,5261100,AXIATA
2019-07-19,5.13,5.13,5.03,5.08,2659500,AXIATA
2019-07-22,5.1,5.13,5.04,5.1,8032100,AXIATA
2019-07-23,5.04,5.15,5.04,5.13,7657600,AXIATA
2019-07-24,5.1,5.18,5.08,5.15,3531200,AXIATA
2019-07-25,5.14,5.14,5.07,5.12,3528000,AXIATA
2019-07-26,5.07,5.1,5.05,5.07,4382700,AXIATA
2019-07-29,5.1,5.1,4.99,5.03,4259200,AXIATA
2019-07-31,4.9,5.04,4.9,5.03,6402400,AXIATA
2019-08-01,4.96,5.03,4.96,5.02,4761200,AXIATA
2019-08-02,4.96,5.03,4.96,5,4865800,AXIATA
2019-08-05,5,5,4.77,4.94,6396700,AXIATA
2019-08-06,4.8,4.9,4.75,4.83,12498200,AXIATA
2019-08-07,4.83,4.92,4.83,4.89,5207700,AXIATA
2019-08-08,4.87,5.1,4.87,5,4333400,AXIATA
2019-08-09,4.94,5.04,4.94,5,9652500,AXIATA
2019-08-13,5,5,4.82,4.96,4633400,AXIATA
2019-08-14,4.88,5,4.88,4.96,3626700,AXIATA
2019-08-15,4.87,5,4.87,5,3346700,AXIATA
2019-08-16,4.95,5.04,4.92,5.02,1246700,AXIATA
2019-08-19,4.9,4.95,4.8,4.89,11228300,AXIATA
2019-08-20,4.89,4.96,4.88,4.93,3314400,AXIATA
2019-08-21,4.93,4.98,4.88,4.96,4646100,AXIATA
2019-08-22,4.98,5,4.96,4.98,5001500,AXIATA
2019-08-23,4.96,5.03,4.96,5,3915700,AXIATA
2019-08-26,5,5.08,4.91,5.08,4850300,AXIATA
2019-08-27,5.08,5.08,4.98,5.02,7780300,AXIATA
2019-08-28,5.06,5.06,4.98,5,5664900,AXIATA
2019-08-29,5.03,5.04,4.92,5.03,3903800,AXIATA
2019-08-30,5.04,5.05,5.02,5.05,5173300,AXIATA
2019-09-03,5.05,5.09,4.96,5,3156300,AXIATA
2019-09-04,4.98,5,4.98,5,3561100,AXIATA
2019-09-05,4.96,5.01,4.7,4.77,11886800,AXIATA
2019-09-06,4.8,4.93,4.79,4.88,1827000,AXIATA
2019-09-10,4.11,4.23,4.01,4.11,41060200,AXIATA
2019-09-11,4.15,4.22,4.13,4.2,10581900,AXIATA
2019-09-12,4.22,4.27,4.22,4.23,4942300,AXIATA
2019-09-13,4.23,4.27,4.21,4.27,4634400,AXIATA
2019-09-17,4.3,4.3,4.17,4.27,5594500,AXIATA
2019-09-18,4.27,4.3,4.21,4.3,5218000,AXIATA
2019-09-19,4.3,4.3,4.24,4.3,3359700,AXIATA
2019-09-20,4.27,4.3,4.23,4.28,11239500,AXIATA
2019-09-23,4.26,4.31,4.23,4.29,2647200,AXIATA
2019-09-24,4.25,4.35,4.25,4.32,4646000,AXIATA
2019-09-25,4.32,4.32,4.26,4.27,7408000,AXIATA
2019-09-26,4.28,4.35,4.27,4.35,5839700,AXIATA
2019-09-27,4.33,4.35,4.31,4.33,3588300,AXIATA
2019-09-30,4.33,4.33,4.23,4.3,1648100,AXIATA
2019-10-01,4.3,4.34,4.27,4.32,616400,AXIATA
2019-10-02,4.33,4.33,4.27,4.29,1520100,AXIATA
2019-10-03,4.29,4.29,4.23,4.27,4091500,AXIATA
2019-10-04,4.27,4.29,4.26,4.27,2277100,AXIATA
2019-10-07,4.29,4.29,4.25,4.28,1327400,AXIATA
2019-10-08,4.26,4.29,4.25,4.26,923100,AXIATA
2019-10-09,4.22,4.28,4.21,4.26,5032900,AXIATA
2019-10-10,4.27,4.28,4.26,4.27,1757100,AXIATA
2019-10-11,4.26,4.29,4.26,4.29,8917700,AXIATA
2019-10-14,4.3,4.33,4.28,4.3,1381500,AXIATA
2019-10-15,4.27,4.3,4.2,4.24,3603700,AXIATA
2019-10-16,4.24,4.27,4.21,4.24,5817400,AXIATA
2019-10-17,4.23,4.27,4.23,4.27,5659800,AXIATA
2019-10-18,4.27,4.28,4.21,4.22,1656100,AXIATA
2019-10-21,4.24,4.25,4.21,4.25,1309500,AXIATA
2019-10-22,4.23,4.25,4.22,4.25,3673900,AXIATA
2019-10-23,4.22,4.25,4.22,4.25,1282400,AXIATA
2019-10-24,4.25,4.29,4.24,4.29,2021900,AXIATA
2019-10-25,4.29,4.29,4.23,4.25,1253300,AXIATA
2019-10-29,4.27,4.28,4.24,4.28,2939900,AXIATA
2019-10-30,4.3,4.3,4.25,4.29,1910000,AXIATA
2019-10-31,4.26,4.3,4.22,4.3,4740900,AXIATA
2019-11-01,4.26,4.3,4.26,4.3,2014700,AXIATA
2019-11-04,4.3,4.3,4.24,4.3,2374400,AXIATA
2019-11-05,4.3,4.31,4.25,4.28,2597400,AXIATA
2019-11-06,4.3,4.3,4.25,4.3,1315200,AXIATA
2019-11-07,4.31,4.31,4.26,4.3,2141000,AXIATA
2019-11-08,4.3,4.38,4.27,4.37,4437300,AXIATA
2019-11-11,4.35,4.4,4.29,4.33,2360000,AXIATA
2019-11-12,4.37,4.6,4.32,4.44,4794100,AXIATA
2019-11-13,4.46,4.46,4.3,4.33,2185200,AXIATA
2019-11-14,4.38,4.38,4.24,4.26,1803400,AXIATA
2019-11-15,4.26,4.3,4.25,4.27,956400,AXIATA
2019-11-18,4.27,4.38,4.23,4.37,1605000,AXIATA
2019-11-19,4.37,4.39,4.3,4.36,2932100,AXIATA
2019-11-20,4.3,4.34,4.3,4.3,2180700,AXIATA
2019-11-21,4.28,4.35,4.25,4.3,1586200,AXIATA
2019-11-22,4.29,4.4,4.28,4.36,2299300,AXIATA
2019-11-25,4.35,4.35,4.25,4.3,1424200,AXIATA
2019-11-26,4.28,4.32,4.27,4.32,7379500,AXIATA
2019-11-27,4.26,4.32,4.26,4.26,1741800,AXIATA
2019-11-28,4.25,4.31,4.2,4.26,1149100,AXIATA
2019-11-29,4.28,4.29,4.07,4.13,7391400,AXIATA
2019-12-02,4.13,4.23,4.1,4.23,2557200,AXIATA
2019-12-03,4.2,4.2,4.14,4.18,2145600,AXIATA
2019-12-04,4.14,4.22,4.14,4.2,4250700,AXIATA
2019-12-05,4.22,4.23,4.18,4.23,1878200,AXIATA
2019-12-06,4.22,4.24,4.17,4.21,2426700,AXIATA
2019-12-09,4.21,4.22,4.15,4.19,1513400,AXIATA
2019-12-10,4.21,4.22,4.15,4.2,3254900,AXIATA
2019-12-11,4.16,4.24,4.16,4.2,1426400,AXIATA
2019-12-12,4.2,4.22,4.16,4.19,3677300,AXIATA
2019-12-13,4.23,4.24,4.2,4.21,5554900,AXIATA
2019-12-16,4.2,4.21,4.16,4.18,1654300,AXIATA
2019-12-17,4.17,4.23,4.15,4.23,2842200,AXIATA
2019-12-18,4.24,4.25,4.16,4.25,1975300,AXIATA
2019-12-19,4.2,4.24,4.18,4.2,2697400,AXIATA
2019-12-20,4.19,4.23,4.17,4.22,7701700,AXIATA
2019-12-23,4.2,4.25,4.2,4.25,2199500,AXIATA
2019-12-24,4.26,4.26,4.2,4.2,531900,AXIATA
2019-12-26,4.22,4.22,4.18,4.21,2941500,AXIATA
2019-12-27,4.22,4.23,4.2,4.22,4638600,AXIATA
2019-12-30,4.22,4.23,4.18,4.21,3128900,AXIATA
2019-12-31,4.2,4.21,4.14,4.14,3964000,AXIATA
2020-01-02,4.14,4.18,4.13,4.15,4128600,AXIATA
2020-01-03,4.17,4.2,4.16,4.2,9316900,AXIATA
2020-01-06,4.2,4.2,4.13,4.16,1333400,AXIATA
2020-01-07,4.16,4.39,4.15,4.36,2999100,AXIATA
2020-01-08,4.27,4.28,4.16,4.21,3508800,AXIATA
2020-01-09,4.22,4.25,4.21,4.25,2191300,AXIATA
2020-01-10,4.23,4.23,4.15,4.17,2317400,AXIATA
2020-01-13,4.17,4.21,4.16,4.18,4491100,AXIATA
2020-01-14,4.16,4.2,4.12,4.17,3045100,AXIATA
2020-01-15,4.16,4.17,4.14,4.16,4567400,AXIATA
2020-01-16,4.2,4.38,4.17,4.36,6422900,AXIATA
2020-01-17,4.33,4.76,4.28,4.6,29922100,AXIATA
2020-01-20,4.6,4.6,4.47,4.51,3258800,AXIATA
2020-01-21,4.52,4.52,4.26,4.27,5295600,AXIATA
2020-01-22,4.28,4.32,4.21,4.22,3777900,AXIATA
2020-01-23,4.27,4.3,4.23,4.26,1130400,AXIATA
2020-01-24,4.24,4.26,4.21,4.23,971100,AXIATA
2020-01-28,4.2,4.26,4.16,4.2,806600,AXIATA
2020-01-29,4.21,4.38,4.19,4.3,2941800,AXIATA
2020-01-30,4.3,4.33,4.26,4.3,4175200,AXIATA
2020-01-31,4.26,4.31,4.22,4.3,7125300,AXIATA
2020-02-03,4.25,4.28,4.18,4.2,4380800,AXIATA
2020-02-04,4.21,4.39,4.21,4.35,3580900,AXIATA
2020-02-05,4.38,4.43,4.28,4.37,8033700,AXIATA
2020-02-06,4.37,4.39,4.35,4.38,4068000,AXIATA
2020-02-07,4.32,4.36,4.29,4.35,3569600,AXIATA
2020-02-10,4.39,4.39,4.28,4.3,3607500,AXIATA
2020-02-11,4.34,4.4,4.31,4.37,2560900,AXIATA
2020-02-12,4.36,4.44,4.32,4.36,5759800,AXIATA
2020-02-13,4.36,4.38,4.33,4.38,3172900,AXIATA
2020-02-14,4.35,4.4,4.33,4.4,3200800,AXIATA
2020-02-17,4.33,4.4,4.3,4.33,2178200,AXIATA
2020-02-18,4.33,4.35,4.32,4.33,418500,AXIATA
2020-02-19,4.33,4.34,4.25,4.27,1060000,AXIATA
2020-02-20,4.28,4.3,4.23,4.25,1600400,AXIATA
2020-02-21,4.26,4.37,4.24,4.25,4632700,AXIATA
2020-02-24,4.16,4.23,4.03,4.14,11323100,AXIATA
2020-02-25,4.11,4.25,4.1,4.21,4837900,AXIATA
2020-02-26,4.15,4.23,4.14,4.15,7164700,AXIATA
2020-02-27,4.16,4.22,4.11,4.2,2834400,AXIATA
2020-02-28,4.09,4.21,4.09,4.18,7311000,AXIATA
2020-03-02,4.15,4.15,4.01,4.06,5270300,AXIATA
2020-03-03,4.09,4.11,4.04,4.07,3747600,AXIATA
2020-03-04,4.03,4.09,4.03,4.04,3493900,AXIATA
2020-03-05,4.05,4.08,4.02,4.05,3692700,AXIATA
2020-03-06,4.07,4.07,3.98,4,5792100,AXIATA
2020-03-09,3.97,4.03,3.9,3.98,4610400,AXIATA
2020-03-10,3.94,4.06,3.94,3.99,9702500,AXIATA
2020-03-11,3.99,4.02,3.94,3.96,8149700,AXIATA
2020-03-12,3.95,3.96,3.93,3.94,6903700,AXIATA
2020-03-13,3.7,3.98,3.48,3.9,16717900,AXIATA
2020-03-16,3.76,3.84,3.56,3.65,11683300,AXIATA
2020-03-17,3.32,3.63,3.32,3.4,12908600,AXIATA
2020-03-18,3.46,3.54,3.18,3.22,10470300,AXIATA
2020-03-19,3.21,3.22,3.01,3.1,10978900,AXIATA
2020-03-20,3.11,3.27,3.11,3.2,21833200,AXIATA
2020-03-23,3.14,3.15,3.08,3.12,7546900,AXIATA
2020-03-24,3.12,3.47,3.12,3.27,8660900,AXIATA
2020-03-25,3.42,3.54,3.37,3.43,9389700,AXIATA
2020-03-26,3.52,3.53,3.35,3.4,8458300,AXIATA
2020-03-27,3.42,3.47,3.37,3.38,8098300,AXIATA
2020-03-30,3.3,3.4,3.13,3.22,15591700,AXIATA
2020-03-31,3.26,3.32,3.23,3.28,20777800,AXIATA
2020-04-01,3.27,3.28,3.16,3.2,9088800,AXIATA
2020-04-02,3.18,3.24,3.18,3.21,8371000,AXIATA
2020-04-03,3.21,3.23,3.17,3.2,4249500,AXIATA
2020-04-06,3.2,3.35,3.19,3.28,8740200,AXIATA
2020-04-07,3.35,3.55,3.35,3.47,13564100,AXIATA
2020-04-08,3.47,3.64,3.47,3.55,10410600,AXIATA
2020-04-09,3.64,3.65,3.58,3.61,4359500,AXIATA
2020-04-10,3.62,3.62,3.52,3.56,5066000,AXIATA
2020-04-13,3.59,3.61,3.51,3.59,4377900,AXIATA
2020-04-14,3.6,3.64,3.52,3.61,6692800,AXIATA
2020-04-15,3.62,3.74,3.61,3.72,8052900,AXIATA
2020-04-16,3.7,3.76,3.64,3.72,9767400,AXIATA
2020-04-17,3.72,3.93,3.72,3.81,6311900,AXIATA
2020-04-20,3.83,3.9,3.82,3.85,6989500,AXIATA
2020-04-21,3.84,3.87,3.72,3.75,7777000,AXIATA
2020-04-22,3.7,3.77,3.64,3.75,6656000,AXIATA
2020-04-23,3.76,3.86,3.76,3.84,4789300,AXIATA
2020-04-24,3.79,3.79,3.69,3.69,5484600,AXIATA
2020-04-27,3.74,3.74,3.67,3.7,3377000,AXIATA
2020-04-28,3.7,3.72,3.67,3.7,4237500,AXIATA
2020-04-29,3.71,3.75,3.7,3.72,2881600,AXIATA
2020-04-30,3.75,3.98,3.72,3.94,7427000,AXIATA
2020-05-04,3.83,3.83,3.75,3.79,6173500,AXIATA
2020-05-05,3.85,3.9,3.81,3.87,2429000,AXIATA
2020-05-06,3.84,3.91,3.84,3.87,3851500,AXIATA
2020-05-08,3.87,3.95,3.85,3.89,2769400,AXIATA
2020-05-12,3.96,3.96,3.86,3.89,3861800,AXIATA
2020-05-13,3.84,3.94,3.84,3.92,5473600,AXIATA
2020-05-14,3.89,3.94,3.84,3.94,3397400,AXIATA
2020-05-15,3.92,3.96,3.88,3.89,4179700,AXIATA
2020-05-18,3.89,3.94,3.86,3.88,2651700,AXIATA
2020-05-19,3.92,3.95,3.86,3.91,2974500,AXIATA
2020-05-20,3.88,3.89,3.86,3.86,3214000,AXIATA
2020-05-21,3.86,3.89,3.77,3.77,8775700,AXIATA
2020-05-22,3.77,3.77,3.68,3.7,3253200,AXIATA
2020-05-27,3.71,3.76,3.62,3.7,6677600,AXIATA
2020-05-28,3.72,3.75,3.66,3.74,6086600,AXIATA
2020-05-29,3.7,3.88,3.7,3.8,9544900,AXIATA
2020-06-02,3.8,3.8,3.8,3.8,0,AXIATA
2020-06-03,3.93,3.98,3.79,3.79,8141100,AXIATA
2020-06-04,3.79,3.9,3.72,3.74,8088600,AXIATA
2020-06-05,3.75,3.79,3.73,3.74,3668700,AXIATA
2020-06-09,3.8,3.82,3.56,3.65,12840700,AXIATA
2020-06-10,3.69,3.72,3.67,3.69,5085400,AXIATA
2020-06-11,3.67,3.75,3.58,3.61,6065300,AXIATA
2020-06-12,3.56,3.63,3.52,3.63,5187900,AXIATA
2020-06-15,3.65,3.65,3.5,3.5,7075900,AXIATA
2020-06-16,3.56,3.58,3.5,3.5,5463900,AXIATA
2020-06-17,3.52,3.52,3.46,3.5,6200900,AXIATA
2020-06-18,3.5,3.5,3.46,3.47,4752600,AXIATA
2020-06-19,3.49,3.53,3.46,3.46,6483500,AXIATA
2020-06-22,3.5,3.51,3.41,3.51,3257900,AXIATA
2020-06-23,3.51,3.51,3.45,3.48,5551700,AXIATA
2020-06-24,3.48,3.49,3.43,3.48,3161800,AXIATA
2020-06-25,3.45,3.45,3.39,3.39,6077600,AXIATA
2020-06-26,3.45,3.48,3.41,3.46,4491000,AXIATA
2020-06-29,3.46,3.61,3.41,3.58,3007200,AXIATA
2020-06-30,3.58,3.6,3.52,3.55,10470700,AXIATA
2020-07-01,3.57,3.57,3.52,3.55,4103600,AXIATA
2020-07-02,3.53,3.56,3.47,3.51,3529400,AXIATA
2020-07-03,3.49,3.51,3.46,3.5,3654900,AXIATA
2020-07-06,3.48,3.53,3.47,3.49,1372500,AXIATA
2020-07-07,3.5,3.52,3.4,3.42,7361800,AXIATA
2020-07-08,3.45,3.49,3.42,3.49,7663700,AXIATA
2020-07-09,3.5,3.5,3.34,3.41,6012300,AXIATA
2020-07-10,3.43,3.45,3.39,3.41,5246300,AXIATA
2020-07-13,3.4,3.42,3.38,3.4,3963200,AXIATA
2020-07-14,3.42,3.44,3.37,3.42,2378900,AXIATA
2020-07-15,3.44,3.48,3.41,3.41,2738600,AXIATA
2020-07-16,3.46,3.46,3.35,3.35,1324800,AXIATA
2020-07-17,3.4,3.44,3.36,3.38,2220400,AXIATA
2020-07-20,3.37,3.37,3.26,3.3,7525600,AXIATA
2020-07-21,3.31,3.33,3.21,3.23,6484700,AXIATA
2020-07-22,3.25,3.28,3.23,3.25,5502800,AXIATA
2020-07-23,3.27,3.28,3.2,3.2,4164900,AXIATA
2020-07-24,3.22,3.23,3.2,3.23,2607400,AXIATA
2020-07-27,3.24,3.25,3.2,3.21,2772900,AXIATA
2020-07-28,3.22,3.26,3.21,3.22,4831000,AXIATA
2020-07-29,3.26,3.27,3.21,3.25,3349500,AXIATA
2020-07-30,3.26,3.28,3.18,3.2,5657500,AXIATA
2020-08-03,3.22,3.23,3.1,3.1,5108400,AXIATA
2020-08-04,3.11,3.15,3.11,3.13,3781100,AXIATA
2020-08-05,3.15,3.15,3.1,3.14,4323900,AXIATA
2020-08-06,3.14,3.17,3.12,3.17,3883600,AXIATA
2020-08-07,3.2,3.2,3.14,3.15,1175200,AXIATA
2020-08-10,3.18,3.2,3.15,3.19,1643000,AXIATA
2020-08-11,3.2,3.2,3.1,3.12,2942200,AXIATA
2020-08-12,3.15,3.18,3.1,3.15,2196400,AXIATA
2020-08-13,3.17,3.19,3.12,3.15,1646500,AXIATA
2020-08-14,3.17,3.18,3.11,3.18,5411700,AXIATA
2020-08-17,3.18,3.19,3.1,3.15,2876500,AXIATA
2020-08-18,3.14,3.15,3.1,3.1,2620600,AXIATA
2020-08-19,3.1,3.12,3.07,3.08,3087100,AXIATA
2020-08-21,3.08,3.11,3.08,3.09,1797900,AXIATA
2020-08-24,3.09,3.13,3.08,3.11,1506300,AXIATA
2020-08-25,3.12,3.15,3.1,3.11,2518400,AXIATA
2020-08-26,3.12,3.15,3.1,3.11,2563400,AXIATA
2020-08-27,3.13,3.15,3.1,3.13,4760200,AXIATA
2020-08-28,3.13,3.15,3.01,3.01,8025900,AXIATA
2020-09-01,3.1,3.11,3.01,3.01,8233500,AXIATA
2020-09-02,3.02,3.04,3,3.03,8171400,AXIATA
2020-09-03,3.05,3.05,2.99,3.02,4276300,AXIATA
2020-09-04,3,3.02,2.99,3.01,2411600,AXIATA
2020-09-07,3.02,3.04,3.01,3.03,4683700,AXIATA
2020-09-08,3.04,3.22,3.02,3.22,2580000,AXIATA
2020-09-09,3.15,3.16,3.09,3.11,3613700,AXIATA
2020-09-10,3.12,3.16,3.11,3.15,2703300,AXIATA
2020-09-11,3.15,3.15,3.06,3.09,1445500,AXIATA
2020-09-14,3.1,3.1,3.05,3.07,1206100,AXIATA
2020-09-15,3.07,3.14,3.06,3.1,1182100,AXIATA
2020-09-17,3.1,3.12,3.02,3.05,2488000,AXIATA
2020-09-18,3.05,3.22,3.03,3.15,10190500,AXIATA
2020-09-21,3.16,3.17,3.1,3.15,1686200,AXIATA
2020-09-22,3.1,3.2,3.1,3.16,1037300,AXIATA
2020-09-23,3.19,3.19,3.04,3.06,1567200,AXIATA
2020-09-24,3.04,3.05,2.99,2.99,2633200,AXIATA
2020-09-25,3.03,3.03,2.97,2.97,6692500,AXIATA
2020-09-28,2.96,2.97,2.92,2.92,1807700,AXIATA
2020-09-29,2.93,2.96,2.91,2.93,5429900,AXIATA
2020-09-30,2.95,2.97,2.91,2.95,2786600,AXIATA
2020-10-01,2.94,2.94,2.91,2.93,1144300,AXIATA
2020-10-02,2.92,2.96,2.88,2.88,1649900,AXIATA
2020-10-05,2.9,2.95,2.9,2.94,2440500,AXIATA
2020-10-06,2.95,2.98,2.94,2.96,1917100,AXIATA
2020-10-07,2.96,2.96,2.88,2.88,3949300,AXIATA
2020-10-08,2.89,2.91,2.86,2.9,1822800,AXIATA
2020-10-09,2.9,2.98,2.88,2.98,2026700,AXIATA
2020-10-12,2.98,2.98,2.92,2.96,1138800,AXIATA
2020-10-13,2.94,2.96,2.9,2.93,2586500,AXIATA
2020-10-14,2.93,2.93,2.89,2.9,4168200,AXIATA
2020-10-15,2.9,2.91,2.81,2.81,4678100,AXIATA
2020-10-16,2.83,2.84,2.71,2.72,3706100,AXIATA
2020-10-19,2.74,2.75,2.7,2.72,3091400,AXIATA
2020-10-20,2.72,2.76,2.72,2.73,4642500,AXIATA
2020-10-21,2.73,2.75,2.66,2.66,3797100,AXIATA
2020-10-22,2.66,2.75,2.66,2.75,3569100,AXIATA
2020-10-23,2.75,2.8,2.74,2.78,2070300,AXIATA
2020-10-26,2.76,2.79,2.71,2.78,1765400,AXIATA
2020-10-27,2.78,2.88,2.76,2.84,6375800,AXIATA
2020-10-28,2.87,3.04,2.85,3.04,8336700,AXIATA
2020-10-30,3.03,3.03,2.89,2.93,6452000,AXIATA
2020-11-02,2.9,3,2.9,3,2050300,AXIATA
2020-11-03,3,3.05,2.93,2.93,1276800,AXIATA
2020-11-04,2.95,2.99,2.9,2.96,2451300,AXIATA
2020-11-05,2.96,3.05,2.96,3.05,1962600,AXIATA
2020-11-06,3.06,3.2,3.06,3.2,3317900,AXIATA
2020-11-09,3.23,3.29,3.14,3.16,4162800,AXIATA
2020-11-10,3.22,3.44,3.21,3.34,6888400,AXIATA
2020-11-11,3.34,3.34,3.27,3.3,3468800,AXIATA
2020-11-12,3.3,3.37,3.28,3.36,7376600,AXIATA
2020-11-13,3.34,3.36,3.3,3.35,2699200,AXIATA
2020-11-16,3.36,3.37,3.3,3.34,2272500,AXIATA
2020-11-17,3.35,3.35,3.31,3.34,2943900,AXIATA
2020-11-18,3.34,3.4,3.24,3.4,6761800,AXIATA
2020-11-19,3.39,3.39,3.32,3.33,3440300,AXIATA
2020-11-20,3.33,3.35,3.26,3.28,3837100,AXIATA
2020-11-23,3.28,3.32,3.28,3.31,5434800,AXIATA
2020-11-24,3.33,3.35,3.28,3.3,4506200,AXIATA
2020-11-25,3.31,3.33,3.3,3.32,2925700,AXIATA
2020-11-26,3.35,3.37,3.33,3.35,4624200,AXIATA
2020-11-27,3.36,3.79,3.36,3.73,22574300,AXIATA
2020-11-30,3.73,3.8,3.53,3.55,22285100,AXIATA
2020-12-01,3.65,3.82,3.61,3.78,10057900,AXIATA
2020-12-02,3.8,3.81,3.65,3.7,9227600,AXIATA
2020-12-03,3.7,3.88,3.67,3.84,15802100,AXIATA
2020-12-04,3.82,3.88,3.77,3.77,8152700,AXIATA
2020-12-07,3.78,3.8,3.74,3.77,3307700,AXIATA
2020-12-08,3.76,3.78,3.74,3.78,4969300,AXIATA
2020-12-09,3.78,3.79,3.71,3.71,2978300,AXIATA
2020-12-10,3.71,3.76,3.71,3.74,3060300,AXIATA
2020-12-11,3.74,3.88,3.74,3.87,7277200,AXIATA
2020-12-14,3.82,3.9,3.82,3.87,5006800,AXIATA
2020-12-15,3.85,3.85,3.73,3.82,8055000,AXIATA
2020-12-16,3.83,3.87,3.82,3.87,6766400,AXIATA
2020-12-17,3.87,3.95,3.85,3.95,8354400,AXIATA
2020-12-18,3.95,3.95,3.82,3.87,5176900,AXIATA
2020-12-21,3.87,3.87,3.67,3.74,4006400,AXIATA
2020-12-22,3.72,3.78,3.68,3.72,1793500,AXIATA
2020-12-23,3.72,3.8,3.69,3.75,1150500,AXIATA
2020-12-24,3.75,3.79,3.72,3.75,1022200,AXIATA
2020-12-28,3.73,3.77,3.73,3.75,1950900,AXIATA
2020-12-29,3.75,3.75,3.71,3.71,1718700,AXIATA
2020-12-30,3.74,3.75,3.69,3.74,3267300,AXIATA
2020-12-31,3.73,3.74,3.7,3.74,2423300,AXIATA
2021-01-04,3.75,3.75,3.63,3.7,2387200,AXIATA
2021-01-05,3.7,3.72,3.63,3.64,2923700,AXIATA
2021-01-06,3.64,3.64,3.48,3.5,4725700,AXIATA
2021-01-07,3.52,3.52,3.38,3.43,7138600,AXIATA
2021-01-08,3.44,3.49,3.39,3.47,7511300,AXIATA
2021-01-11,3.44,3.64,3.4,3.63,3881800,AXIATA
2021-01-12,3.61,3.68,3.52,3.68,2445000,AXIATA
2021-01-13,3.68,3.72,3.66,3.7,3779800,AXIATA
2021-01-14,3.74,3.75,3.69,3.7,2069600,AXIATA
2021-01-15,3.71,3.74,3.65,3.65,2424600,AXIATA
2021-01-18,3.68,3.71,3.6,3.65,2166500,AXIATA
2021-01-19,3.65,3.7,3.53,3.56,4239800,AXIATA
2021-01-20,3.57,3.64,3.55,3.55,3830700,AXIATA
2021-01-21,3.62,3.64,3.55,3.58,1697600,AXIATA
2021-01-22,3.56,3.59,3.42,3.46,5717300,AXIATA
2021-01-25,3.47,3.5,3.37,3.37,5450700,AXIATA
2021-01-26,3.4,3.41,3.25,3.25,8367000,AXIATA
2021-01-27,3.26,3.54,3.26,3.34,8595900,AXIATA
2021-01-29,3.31,3.4,3.27,3.33,6783000,AXIATA
2021-02-02,3.36,3.41,3.31,3.39,2865800,AXIATA
2021-02-03,3.4,3.49,3.4,3.43,4847400,AXIATA
2021-02-04,3.39,3.48,3.36,3.4,2773400,AXIATA
2021-02-05,3.4,3.41,3.34,3.35,1921700,AXIATA
2021-02-08,3.39,3.42,3.34,3.35,2714700,AXIATA
2021-02-09,3.37,3.42,3.34,3.39,2201600,AXIATA
2021-02-10,3.39,3.42,3.34,3.37,2295700,AXIATA
2021-02-11,3.38,3.43,3.36,3.43,376600,AXIATA
2021-02-15,3.43,3.6,3.43,3.5,3271900,AXIATA
2021-02-16,3.54,3.57,3.48,3.55,4137000,AXIATA
2021-02-17,3.56,3.56,3.36,3.38,4359200,AXIATA
2021-02-18,3.4,3.44,3.29,3.29,4609300,AXIATA
2021-02-19,3.31,3.37,3.3,3.37,4345500,AXIATA
2021-02-22,3.41,3.46,3.4,3.41,2514200,AXIATA
2021-02-23,3.41,3.44,3.35,3.35,2726900,AXIATA
2021-02-24,3.36,3.43,3.33,3.4,5772600,AXIATA
2021-02-25,3.43,3.6,3.4,3.57,7551400,AXIATA
2021-02-26,3.51,3.56,3.46,3.55,11850000,AXIATA
2021-03-01,3.5,3.54,3.47,3.47,2095600,AXIATA
2021-03-02,3.5,3.54,3.4,3.48,5170000,AXIATA
2021-03-03,3.46,3.54,3.42,3.45,4783000,AXIATA
2021-03-04,3.45,3.48,3.4,3.41,2940300,AXIATA
2021-03-05,3.41,3.45,3.41,3.43,1556400,AXIATA
2021-03-08,3.48,3.6,3.45,3.57,4070200,AXIATA
2021-03-09,3.61,3.7,3.6,3.7,3185500,AXIATA
2021-03-10,3.71,3.75,3.68,3.72,3713300,AXIATA
2021-03-11,3.73,3.73,3.67,3.71,2960500,AXIATA
2021-03-12,3.71,3.77,3.71,3.74,4052200,AXIATA
2021-03-15,3.75,3.78,3.73,3.76,3406700,AXIATA
2021-03-16,3.78,3.78,3.7,3.76,2126100,AXIATA
2021-03-17,3.85,3.86,3.77,3.85,3123700,AXIATA
2021-03-18,3.81,3.85,3.8,3.8,4112400,AXIATA
2021-03-19,3.81,3.85,3.74,3.85,13195100,AXIATA
2021-03-22,3.85,3.87,3.77,3.8,2804900,AXIATA
2021-03-23,3.8,3.81,3.69,3.69,4288200,AXIATA
2021-03-24,3.63,3.69,3.57,3.66,2645300,AXIATA
2021-03-25,3.69,3.69,3.58,3.64,2584100,AXIATA
2021-03-26,3.65,3.68,3.61,3.68,931100,AXIATA
2021-03-29,3.69,3.85,3.62,3.85,3511000,AXIATA
2021-03-30,3.79,3.79,3.69,3.79,3065500,AXIATA
2021-03-31,3.79,3.79,3.6,3.65,5527000,AXIATA
2021-04-01,3.64,3.7,3.62,3.67,2219200,AXIATA
2021-04-02,3.67,3.71,3.62,3.7,1128000,AXIATA
2021-04-05,3.71,3.76,3.65,3.75,2498900,AXIATA
2021-04-06,3.74,3.75,3.68,3.69,2631100,AXIATA
2021-04-07,3.7,3.8,3.7,3.8,3751600,AXIATA
2021-04-08,3.8,3.8,3.8,3.8,0,AXIATA
2021-04-09,3.93,4.23,3.9,4.11,47032900,AXIATA
2021-04-12,4.13,4.13,3.89,3.93,13817600,AXIATA
2021-04-13,3.93,3.95,3.84,3.87,4224600,AXIATA
2021-04-14,3.85,3.88,3.82,3.87,2508100,AXIATA
2021-04-15,3.89,3.89,3.77,3.85,2844300,AXIATA
2021-04-16,3.85,3.85,3.78,3.8,1620500,AXIATA
2021-04-19,3.79,3.84,3.73,3.79,1455200,AXIATA
2021-04-20,3.8,4,3.77,4,3749200,AXIATA
2021-04-21,3.98,3.98,3.81,3.81,2076400,AXIATA
2021-04-22,3.82,3.85,3.76,3.78,3615000,AXIATA
2021-04-23,3.78,3.85,3.77,3.82,628500,AXIATA
2021-04-26,3.86,3.86,3.8,3.83,1488800,AXIATA
2021-04-27,3.83,3.91,3.79,3.87,2280800,AXIATA
2021-04-28,3.91,3.92,3.81,3.82,1640700,AXIATA
2021-04-30,3.82,3.87,3.78,3.87,2911900,AXIATA
2021-05-03,3.84,3.85,3.77,3.78,2229300,AXIATA
2021-05-04,3.76,3.81,3.7,3.7,2046200,AXIATA
2021-05-05,3.71,3.73,3.62,3.65,2641300,AXIATA
2021-05-06,3.69,3.77,3.65,3.77,2702800,AXIATA
2021-05-07,3.79,3.79,3.66,3.68,1340700,AXIATA
2021-05-10,3.68,3.72,3.63,3.66,890200,AXIATA
2021-05-11,3.65,3.68,3.62,3.66,1281900,AXIATA
2021-05-12,3.67,3.72,3.62,3.71,1093900,AXIATA
2021-05-17,3.69,3.78,3.65,3.67,3918000,AXIATA
2021-05-18,3.66,3.75,3.66,3.72,2434700,AXIATA
2021-05-19,3.7,3.71,3.56,3.58,3772300,AXIATA
2021-05-20,3.58,3.63,3.5,3.55,4020500,AXIATA
2021-05-21,3.55,3.57,3.38,3.4,10115400,AXIATA
2021-05-24,3.42,3.54,3.4,3.49,6786800,AXIATA
2021-05-25,3.48,3.53,3.44,3.5,5084200,AXIATA
2021-05-27,3.52,3.68,3.5,3.68,25207300,AXIATA
2021-05-28,3.68,3.73,3.62,3.7,5082800,AXIATA
2021-05-31,3.63,3.73,3.58,3.7,2233300,AXIATA
2021-06-01,3.73,3.74,3.69,3.72,707300,AXIATA
2021-06-02,3.7,3.81,3.7,3.8,4559000,AXIATA
2021-06-03,3.85,3.89,3.83,3.89,3301600,AXIATA
2021-06-04,3.89,3.89,3.78,3.87,5095800,AXIATA
2021-06-08,3.87,3.9,3.82,3.84,3244300,AXIATA
2021-06-09,3.88,3.88,3.76,3.85,2908200,AXIATA
2021-06-10,3.85,3.85,3.82,3.82,1466900,AXIATA
2021-06-11,3.82,3.86,3.79,3.83,3169300,AXIATA
2021-06-14,3.83,3.9,3.81,3.85,3059900,AXIATA
2021-06-15,3.85,3.92,3.79,3.92,3712400,AXIATA
2021-06-16,3.95,4.03,3.95,3.99,9887700,AXIATA
2021-06-17,3.99,4.01,3.92,3.98,6801300,AXIATA
2021-06-18,3.99,4.09,3.93,4.09,12032000,AXIATA
2021-06-21,4.04,4.05,3.92,3.98,2964700,AXIATA
2021-06-22,4.01,4.08,4,4.01,4466500,AXIATA
2021-06-23,4.01,4.04,3.94,3.94,1664900,AXIATA
2021-06-24,3.94,3.98,3.85,3.87,1280200,AXIATA
2021-06-25,3.87,3.92,3.84,3.86,1102600,AXIATA
2021-06-28,3.86,3.9,3.76,3.8,2695500,AXIATA
2021-06-29,3.84,3.84,3.75,3.79,1941400,AXIATA
2021-06-30,3.76,3.84,3.71,3.74,3826000,AXIATA
2021-07-01,3.74,3.87,3.73,3.78,2738100,AXIATA
2021-07-02,3.8,3.84,3.77,3.82,3402500,AXIATA
2021-07-05,3.82,3.82,3.74,3.8,3545000,AXIATA
2021-07-06,3.8,3.83,3.78,3.8,1505600,AXIATA
2021-07-07,3.8,3.84,3.77,3.81,2552200,AXIATA
2021-07-08,3.78,3.8,3.71,3.8,2568700,AXIATA
2021-07-09,3.8,3.81,3.75,3.78,2239300,AXIATA
2021-07-12,3.78,3.82,3.7,3.74,1113400,AXIATA
2021-07-13,3.74,3.81,3.74,3.81,1788000,AXIATA
2021-07-14,3.81,3.85,3.75,3.8,4053400,AXIATA
2021-07-15,3.81,3.83,3.75,3.8,1903900,AXIATA
2021-07-16,3.81,3.82,3.72,3.76,2947300,AXIATA
2021-07-19,3.78,3.82,3.75,3.76,4636800,AXIATA
2021-07-21,3.77,3.8,3.74,3.78,1972400,AXIATA
2021-07-22,3.8,3.87,3.77,3.87,2987800,AXIATA
2021-07-23,3.84,3.89,3.84,3.87,650200,AXIATA
2021-07-26,3.84,3.86,3.82,3.84,2354700,AXIATA
2021-07-27,3.84,3.86,3.82,3.82,1166800,AXIATA
2021-07-28,3.81,3.85,3.77,3.82,1436600,AXIATA
2021-07-29,3.82,3.88,3.81,3.84,1686800,AXIATA
2021-07-30,3.81,3.83,3.73,3.73,2855200,AXIATA
2021-08-02,3.78,3.78,3.66,3.71,2435300,AXIATA
2021-08-03,3.72,3.73,3.66,3.73,2105100,AXIATA
2021-08-04,3.72,3.73,3.66,3.72,1659300,AXIATA
2021-08-05,3.73,3.79,3.72,3.76,1750100,AXIATA
2021-08-06,3.76,3.83,3.73,3.78,1087100,AXIATA
2021-08-09,3.78,3.82,3.75,3.82,785100,AXIATA
2021-08-11,3.8,3.85,3.79,3.81,2752800,AXIATA
2021-08-12,3.78,3.86,3.76,3.78,1489700,AXIATA
2021-08-13,3.78,3.81,3.75,3.8,1970600,AXIATA
2021-08-16,3.79,3.84,3.74,3.83,1831800,AXIATA
2021-08-17,3.82,3.94,3.82,3.91,3863200,AXIATA
2021-08-18,3.85,3.9,3.85,3.89,1111000,AXIATA
2021-08-19,3.87,3.92,3.87,3.92,965800,AXIATA
2021-08-20,3.88,3.92,3.88,3.91,1323900,AXIATA
2021-08-23,3.93,3.94,3.9,3.94,2307200,AXIATA
2021-08-24,3.95,3.95,3.87,3.95,2470000,AXIATA
2021-08-25,3.96,4.04,3.91,4.04,3408100,AXIATA
2021-08-26,4.04,4.1,3.98,4,6201100,AXIATA
2021-08-27,3.96,4.06,3.95,4.04,6129500,AXIATA
2021-08-30,4.06,4.16,4.06,4.14,11933600,AXIATA
2021-09-01,4.01,4.15,4.01,4.07,5128100,AXIATA
2021-09-02,4.05,4.14,4.05,4.1,4800600,AXIATA
2021-09-03,4.09,4.1,4.05,4.1,1638600,AXIATA
2021-09-06,4.11,4.11,4,4.02,3264100,AXIATA
2021-09-07,4.04,4.06,3.99,4.05,2121200,AXIATA
2021-09-08,4,4.19,4,4.19,4225100,AXIATA
2021-09-09,4.12,4.14,4.09,4.12,2428900,AXIATA
2021-09-10,4.12,4.13,4.08,4.11,1631900,AXIATA
2021-09-13,4.08,4.13,4.08,4.13,2119300,AXIATA
2021-09-14,4.08,4.13,4.01,4.04,3462400,AXIATA
2021-09-15,4.04,4.07,3.96,3.98,3523600,AXIATA
2021-09-17,3.98,4.01,3.91,3.91,9291800,AXIATA
2021-09-20,3.93,3.98,3.91,3.95,1886400,AXIATA
2021-09-21,3.91,4.1,3.91,4.1,2510300,AXIATA
2021-09-22,4.1,4.1,3.95,4,2862500,AXIATA
2021-09-23,4.01,4.11,4,4.11,1990900,AXIATA
2021-09-24,4.11,4.11,3.99,4.09,2215900,AXIATA
2021-09-27,4.09,4.09,3.95,4.03,3185700,AXIATA
2021-09-28,4.07,4.07,3.98,4.05,1776300,AXIATA
2021-09-29,4.05,4.05,3.95,4.05,1508000,AXIATA
2021-09-30,4.05,4.05,3.91,3.91,5807900,AXIATA
2021-10-01,3.92,3.95,3.83,3.88,3987500,AXIATA
2021-10-04,3.88,3.91,3.86,3.9,2513100,AXIATA
2021-10-05,3.91,3.93,3.85,3.92,2367100,AXIATA
2021-10-06,3.89,3.97,3.86,3.97,2923200,AXIATA
2021-10-07,3.93,3.98,3.89,3.98,1863900,AXIATA
2021-10-08,3.98,4,3.93,3.99,1272000,AXIATA
2021-10-11,4,4.03,3.95,4,1902400,AXIATA
2021-10-12,4.03,4.1,3.95,4.1,3712900,AXIATA
2021-10-13,4.1,4.11,4.02,4.1,1849600,AXIATA
2021-10-14,4.1,4.1,4,4.01,677000,AXIATA
2021-10-15,4.04,4.11,4.01,4.1,2743000,AXIATA
2021-10-18,4.1,4.13,4.06,4.1,1073500,AXIATA
2021-10-20,4.11,4.11,4.07,4.1,1257500,AXIATA
2021-10-21,4.06,4.1,3.96,3.96,2372200,AXIATA
2021-10-22,3.98,4.02,3.95,4,1127600,AXIATA
2021-10-25,4.01,4.03,3.94,3.97,1583400,AXIATA
2021-10-26,3.99,4.05,3.94,4.04,2505700,AXIATA
2021-10-27,4.07,4.07,3.99,4.01,2389500,AXIATA
2021-10-28,3.99,4.01,3.96,3.97,702100,AXIATA
2021-10-29,3.97,3.99,3.9,3.95,2088000,AXIATA
2021-11-01,3.95,3.95,3.79,3.83,4067100,AXIATA
2021-11-02,3.85,3.88,3.83,3.85,1898800,AXIATA
2021-11-03,3.86,3.88,3.81,3.82,2133700,AXIATA
2021-11-05,3.85,3.88,3.82,3.86,1725200,AXIATA
2021-11-08,3.85,3.97,3.85,3.87,1667900,AXIATA
2021-11-09,3.87,3.92,3.83,3.88,1564800,AXIATA
2021-11-10,3.85,3.89,3.81,3.84,1235300,AXIATA
2021-11-11,3.86,3.86,3.81,3.84,867000,AXIATA
2021-11-12,3.85,3.96,3.84,3.96,1534400,AXIATA
2021-11-15,3.89,3.97,3.89,3.97,1397000,AXIATA
2021-11-16,3.92,3.96,3.9,3.91,2202200,AXIATA
2021-11-17,3.9,3.9,3.81,3.85,1890400,AXIATA
2021-11-18,3.85,3.86,3.81,3.83,1455800,AXIATA
2021-11-19,3.84,3.99,3.83,3.98,7189400,AXIATA
2021-11-22,4,4.02,3.94,3.97,2821300,AXIATA
2021-11-23,3.92,4,3.89,3.94,2661000,AXIATA
2021-11-24,3.96,4.05,3.94,3.97,2669300,AXIATA
2021-11-25,3.96,4,3.96,4,2589200,AXIATA
2021-11-26,4,4,3.87,3.9,4079900,AXIATA
2021-11-29,3.88,3.99,3.87,3.98,7603800,AXIATA
2021-11-30,4,4.08,3.9,3.9,25704200,AXIATA
2021-12-01,3.89,3.96,3.81,3.81,5889000,AXIATA
2021-12-02,3.81,3.83,3.77,3.79,5315900,AXIATA
2021-12-06,3.87,3.87,3.65,3.65,6178100,AXIATA
2021-12-07,3.69,3.79,3.68,3.79,3244500,AXIATA
2021-12-08,3.75,3.78,3.7,3.7,3538900,AXIATA
2021-12-09,3.71,3.84,3.71,3.84,3010200,AXIATA
2021-12-10,3.84,3.87,3.76,3.78,2054500,AXIATA
2021-12-13,3.8,3.8,3.73,3.75,3203600,AXIATA
2021-12-14,3.72,3.79,3.66,3.7,5141400,AXIATA
2021-12-15,3.76,3.76,3.62,3.67,3703300,AXIATA
2021-12-16,3.68,3.72,3.64,3.64,4303100,AXIATA
2021-12-17,3.68,3.68,3.62,3.65,7077900,AXIATA
2021-12-20,3.65,3.67,3.58,3.61,3984500,AXIATA
2021-12-21,3.59,3.7,3.59,3.68,4179200,AXIATA
2021-12-22,3.68,3.69,3.62,3.63,3311000,AXIATA
2021-12-23,3.65,3.69,3.62,3.69,3791600,AXIATA
2021-12-24,3.68,3.73,3.67,3.69,684600,AXIATA
2021-12-27,3.7,3.76,3.7,3.75,2988900,AXIATA
2021-12-28,3.77,3.81,3.71,3.71,2825500,AXIATA
2021-12-29,3.71,3.87,3.71,3.87,3738400,AXIATA
2021-12-30,3.86,3.88,3.81,3.85,1848700,AXIATA
2021-12-31,3.85,4.16,3.81,4.16,7751400,AXIATA
2022-01-03,3.94,3.99,3.86,3.88,1968800,AXIATA
2022-01-04,3.88,3.9,3.84,3.88,1689500,AXIATA
2022-01-05,3.9,3.92,3.86,3.9,3045600,AXIATA
2022-01-06,3.9,3.91,3.84,3.86,2715900,AXIATA
2022-01-07,3.86,3.91,3.82,3.84,3828800,AXIATA
2022-01-10,3.84,3.89,3.78,3.8,4016100,AXIATA
2022-01-11,3.8,3.85,3.78,3.85,4398400,AXIATA
2022-01-12,3.82,3.86,3.8,3.83,2233000,AXIATA
2022-01-13,3.8,3.83,3.79,3.83,1991500,AXIATA
2022-01-14,3.8,3.85,3.72,3.78,4472600,AXIATA
2022-01-17,3.74,3.81,3.74,3.77,2216500,AXIATA
2022-01-19,3.77,3.8,3.73,3.77,1739200,AXIATA
2022-01-20,3.74,3.8,3.74,3.74,1818400,AXIATA
2022-01-21,3.79,3.79,3.68,3.73,2809300,AXIATA
2022-01-24,3.78,3.8,3.73,3.77,1091000,AXIATA
2022-01-25,3.76,3.76,3.66,3.71,2282100,AXIATA
2022-01-26,3.71,3.73,3.67,3.67,2221500,AXIATA
2022-01-27,3.69,3.7,3.63,3.66,1107500,AXIATA
2022-01-28,3.69,3.78,3.67,3.74,2991200,AXIATA
2022-01-31,3.75,3.78,3.7,3.72,1371800,AXIATA
2022-02-03,3.75,3.86,3.73,3.86,2897800,AXIATA
2022-02-04,3.86,3.86,3.79,3.84,1426500,AXIATA
2022-02-07,3.82,3.85,3.8,3.82,3331800,AXIATA
2022-02-08,3.85,3.85,3.8,3.83,1131500,AXIATA
2022-02-09,3.85,3.92,3.85,3.89,3938900,AXIATA
2022-02-10,3.86,3.94,3.85,3.89,3480300,AXIATA
2022-02-11,3.86,3.97,3.86,3.93,2673400,AXIATA
2022-02-14,3.93,3.96,3.9,3.96,1674600,AXIATA
2022-02-15,3.98,3.98,3.91,3.95,2915900,AXIATA
2022-02-16,3.98,4,3.84,3.9,3477600,AXIATA
2022-02-17,3.94,3.98,3.83,3.87,3570900,AXIATA
2022-02-18,3.85,3.91,3.85,3.87,2689200,AXIATA
2022-02-21,3.87,3.91,3.84,3.89,2593000,AXIATA
2022-02-22,3.85,3.92,3.76,3.92,3469500,AXIATA
2022-02-23,3.89,3.95,3.89,3.91,4265500,AXIATA
2022-02-24,3.91,3.91,3.75,3.81,5119000,AXIATA
2022-02-25,3.82,3.86,3.76,3.82,4267400,AXIATA
2022-02-28,3.84,3.93,3.78,3.93,12429000,AXIATA
2022-03-01,3.93,3.93,3.76,3.82,3174800,AXIATA
2022-03-02,3.83,3.85,3.77,3.78,2918500,AXIATA
2022-03-03,3.81,3.87,3.75,3.87,3293400,AXIATA
2022-03-04,3.87,3.87,3.75,3.84,4110500,AXIATA
2022-03-07,3.84,3.84,3.68,3.76,2942600,AXIATA
2022-03-08,3.76,3.76,3.66,3.66,4028900,AXIATA
2022-03-09,3.69,3.73,3.65,3.7,2752100,AXIATA
2022-03-10,3.73,3.84,3.7,3.8,2230600,AXIATA
2022-03-11,3.8,3.8,3.76,3.78,2225100,AXIATA
2022-03-14,3.81,3.89,3.78,3.85,2680300,AXIATA
2022-03-15,3.84,3.84,3.72,3.76,2789700,AXIATA
2022-03-16,3.77,3.8,3.77,3.8,2911000,AXIATA
2022-03-17,3.79,3.8,3.76,3.78,3625900,AXIATA
2022-03-18,3.78,3.82,3.73,3.8,5696500,AXIATA
2022-03-21,3.79,3.81,3.75,3.81,1757700,AXIATA
2022-03-22,3.8,3.8,3.77,3.8,1434800,AXIATA
2022-03-23,3.78,3.82,3.76,3.77,2440900,AXIATA
2022-03-24,3.79,3.8,3.75,3.79,1736600,AXIATA
2022-03-25,3.78,3.83,3.75,3.81,3262200,AXIATA
2022-03-28,3.83,3.87,3.79,3.8,2672600,AXIATA
2022-03-29,3.82,3.82,3.73,3.75,3261400,AXIATA
2022-03-30,3.77,3.83,3.75,3.78,3863500,AXIATA
2022-03-31,3.78,3.79,3.71,3.79,4671800,AXIATA
2022-04-01,3.79,3.79,3.79,3.79,0,AXIATA
2022-04-04,3.83,3.88,3.68,3.79,1654300,AXIATA
2022-04-05,3.8,3.8,3.72,3.73,1979700,AXIATA
2022-04-06,3.73,3.76,3.7,3.7,3430400,AXIATA
2022-04-07,3.71,3.73,3.68,3.69,3140400,AXIATA
2022-04-08,3.7,3.71,3.68,3.71,2210900,AXIATA
2022-04-11,3.72,3.73,3.69,3.71,1794000,AXIATA
2022-04-12,3.7,3.7,3.65,3.69,3215500,AXIATA
2022-04-13,3.69,3.7,3.66,3.66,2120300,AXIATA
2022-04-14,3.67,3.68,3.62,3.64,5188200,AXIATA
2022-04-15,3.63,3.63,3.6,3.61,2188700,AXIATA
2022-04-18,3.61,3.62,3.59,3.6,1105100,AXIATA
2022-04-20,3.63,3.7,3.61,3.69,3001400,AXIATA
2022-04-21,3.72,3.72,3.58,3.58,5971500,AXIATA
2022-04-22,3.58,3.6,3.56,3.6,2978500,AXIATA
2022-04-25,3.57,3.57,3.42,3.44,7101600,AXIATA
2022-04-26,3.49,3.52,3.48,3.5,5524800,AXIATA
2022-04-27,3.47,3.5,3.44,3.47,3844800,AXIATA
2022-04-28,3.5,3.54,3.47,3.51,3033400,AXIATA
2022-04-29,3.55,3.55,3.47,3.51,9720000,AXIATA
2022-05-05,3.53,3.53,3.38,3.4,9473400,AXIATA
2022-05-06,3.37,3.47,3.33,3.43,9461700,AXIATA
2022-05-09,3.43,3.43,3.32,3.36,5715300,AXIATA
2022-05-10,3.36,3.47,3.33,3.45,6367800,AXIATA
2022-05-11,3.53,3.53,3.41,3.42,3853300,AXIATA
2022-05-12,3.42,3.44,3.38,3.4,5908800,AXIATA
2022-05-13,3.4,3.42,3.37,3.39,3028200,AXIATA
2022-05-17,3.39,3.42,3.33,3.34,4180200,AXIATA
2022-05-18,3.34,3.34,3.23,3.23,9628600,AXIATA
2022-05-19,3.2,3.22,3.17,3.17,4656700,AXIATA
2022-05-20,3.18,3.26,3.18,3.22,3540200,AXIATA
2022-05-23,3.22,3.26,3.21,3.23,2032500,AXIATA
2022-05-24,3.23,3.24,3.18,3.2,2605500,AXIATA
2022-05-25,3.18,3.22,3.17,3.19,1892100,AXIATA
2022-05-26,3.18,3.2,3.12,3.15,4386300,AXIATA
2022-05-27,3.15,3.21,3.14,3.2,2558700,AXIATA
2022-05-30,3.21,3.24,3.17,3.23,2084600,AXIATA
