date,open,high,low,close,volume,Name
2017-05-31,7.57,7.59,7.4,7.5,17104700,MISC
2017-06-01,7.45,7.5,7.36,7.44,1146600,MISC
2017-06-02,7.48,7.56,7.4,7.56,664400,MISC
2017-06-05,7.45,7.57,7.4,7.5,1627000,MISC
2017-06-06,7.48,7.53,7.42,7.48,2518100,MISC
2017-06-07,7.57,7.57,7.45,7.49,1606000,MISC
2017-06-08,7.47,7.52,7.44,7.52,2011700,MISC
2017-06-09,7.52,7.52,7.4,7.43,1129100,MISC
2017-06-13,7.4,7.43,7.24,7.3,2528300,MISC
2017-06-14,7.33,7.35,7.26,7.35,2446000,MISC
2017-06-15,7.35,7.39,7.34,7.35,1290600,MISC
2017-06-16,7.42,7.46,7.35,7.4,3025300,MISC
2017-06-19,7.36,7.49,7.34,7.49,248600,MISC
2017-06-20,7.39,7.43,7.32,7.42,541900,MISC
2017-06-21,7.32,7.49,7.29,7.49,2754700,MISC
2017-06-22,7.49,7.5,7.33,7.42,2423600,MISC
2017-06-23,7.35,7.47,7.34,7.4,694400,MISC
2017-06-26,7.42,7.42,7.42,7.42,0,MISC
2017-06-27,7.42,7.42,7.42,7.42,0,MISC
2017-06-28,7.39,7.48,7.28,7.32,1528900,MISC
2017-06-29,7.38,7.45,7.31,7.43,779000,MISC
2017-06-30,7.44,7.46,7.33,7.46,2141500,MISC
2017-07-03,7.46,7.46,7.33,7.41,898100,MISC
2017-07-04,7.34,7.41,7.34,7.34,674900,MISC
2017-07-05,7.33,7.42,7.32,7.4,2113000,MISC
2017-07-06,7.43,7.43,7.36,7.43,685000,MISC
2017-07-07,7.36,7.37,7.31,7.32,1212400,MISC
2017-07-10,7.32,7.39,7.25,7.39,638800,MISC
2017-07-11,7.35,7.4,7.32,7.39,845800,MISC
2017-07-12,7.39,7.44,7.33,7.36,463100,MISC
2017-07-13,7.4,7.46,7.34,7.4,1163600,MISC
2017-07-14,7.35,7.47,7.35,7.39,1743800,MISC
2017-07-17,7.41,7.41,7.37,7.4,791500,MISC
2017-07-18,7.39,7.44,7.34,7.34,1484500,MISC
2017-07-19,7.32,7.38,7.31,7.37,1014600,MISC
2017-07-20,7.35,7.42,7.35,7.39,958400,MISC
2017-07-21,7.41,7.42,7.34,7.4,1735700,MISC
2017-07-24,7.42,7.42,7.35,7.38,1988100,MISC
2017-07-25,7.35,7.44,7.35,7.44,350100,MISC
2017-07-26,7.41,7.41,7.37,7.39,414500,MISC
2017-07-27,7.45,7.45,7.37,7.38,427900,MISC
2017-07-28,7.36,7.4,7.36,7.36,391600,MISC
2017-07-31,7.31,7.42,7.31,7.39,2022400,MISC
2017-08-01,7.38,7.4,7.34,7.36,1268400,MISC
2017-08-02,7.34,7.6,7.34,7.6,978100,MISC
2017-08-03,7.48,7.49,7.37,7.37,475700,MISC
2017-08-04,7.39,7.54,7.39,7.4,827100,MISC
2017-08-07,7.37,7.52,7.37,7.5,1057700,MISC
2017-08-08,7.5,7.51,7.45,7.5,2463200,MISC
2017-08-09,7.46,7.5,7.32,7.33,1220600,MISC
2017-08-10,7.27,7.32,7.24,7.3,1408600,MISC
2017-08-11,7.3,7.31,7.27,7.29,1746300,MISC
2017-08-14,7.29,7.4,7.29,7.38,557600,MISC
2017-08-15,7.42,7.42,7.27,7.3,819500,MISC
2017-08-16,7.32,7.33,7.28,7.3,757000,MISC
2017-08-17,7.27,7.31,7.27,7.29,643500,MISC
2017-08-18,7.27,7.32,7.27,7.32,356400,MISC
2017-08-21,7.32,7.32,7.16,7.16,2008600,MISC
2017-08-22,7.17,7.21,7.16,7.18,1799700,MISC
2017-08-23,7.2,7.25,7.17,7.25,519300,MISC
2017-08-24,7.25,7.27,7.2,7.25,1697100,MISC
2017-08-25,7.27,7.28,7.24,7.25,934900,MISC
2017-08-28,7.28,7.38,7.25,7.25,559900,MISC
2017-08-29,7.25,7.28,7.24,7.25,1145900,MISC
2017-08-30,7.32,7.49,7.25,7.44,1165900,MISC
2017-08-31,7.44,7.44,7.44,7.44,0,MISC
2017-09-01,7.44,7.44,7.44,7.44,0,MISC
2017-09-04,7.44,7.44,7.44,7.44,0,MISC
2017-09-05,7.46,7.49,7.4,7.45,1355200,MISC
2017-09-06,7.43,7.43,7.24,7.31,1909400,MISC
2017-09-07,7.32,7.35,7.28,7.34,846900,MISC
2017-09-08,7.29,7.39,7.28,7.34,396700,MISC
2017-09-11,7.38,7.42,7.29,7.29,500700,MISC
2017-09-12,7.33,7.46,7.32,7.38,1203300,MISC
2017-09-13,7.42,7.44,7.34,7.38,779300,MISC
2017-09-14,7.32,7.4,7.32,7.39,605400,MISC
2017-09-15,7.4,7.4,7.35,7.36,2766100,MISC
2017-09-18,7.35,7.39,7.35,7.37,139100,MISC
2017-09-19,7.31,7.38,7.31,7.38,638800,MISC
2017-09-20,7.42,7.42,7.32,7.38,518800,MISC
2017-09-21,7.43,7.43,7.3,7.38,640000,MISC
2017-09-22,7.38,7.38,7.38,7.38,0,MISC
2017-09-25,7.41,7.47,7.35,7.38,925000,MISC
2017-09-26,7.45,7.46,7.32,7.38,384200,MISC
2017-09-27,7.4,7.4,7.3,7.39,652000,MISC
2017-09-28,7.4,7.4,7.26,7.3,1067000,MISC
2017-09-29,7.35,7.35,7.22,7.3,2173500,MISC
2017-10-02,7.22,7.29,7.22,7.28,760200,MISC
2017-10-03,7.22,7.28,7.22,7.26,316900,MISC
2017-10-04,7.29,7.29,7.21,7.23,164900,MISC
2017-10-05,7.23,7.3,7.19,7.26,357000,MISC
2017-10-06,7.26,7.3,7.23,7.25,745100,MISC
2017-10-09,7.25,7.31,7.21,7.23,431200,MISC
2017-10-10,7.21,7.23,7.17,7.2,1086600,MISC
2017-10-11,7.21,7.22,7.14,7.21,2422800,MISC
2017-10-12,7.23,7.23,7.15,7.16,1469600,MISC
2017-10-13,7.18,7.18,7.14,7.15,1252000,MISC
2017-10-16,7.15,7.25,7.15,7.25,917200,MISC
2017-10-17,7.2,7.21,7.18,7.19,947600,MISC
2017-10-18,7.19,7.19,7.19,7.19,0,MISC
2017-10-19,7.16,7.18,7.15,7.15,1442300,MISC
2017-10-20,7.17,7.17,7.12,7.17,3777900,MISC
2017-10-23,7.19,7.21,7.13,7.14,311500,MISC
2017-10-24,7.19,7.19,7.05,7.08,1255000,MISC
2017-10-25,7.13,7.13,7.06,7.12,245200,MISC
2017-10-26,7.13,7.13,7.05,7.07,1874700,MISC
2017-10-27,7.07,7.08,6.92,7.04,992500,MISC
2017-10-30,6.97,7.04,6.96,7.01,413100,MISC
2017-10-31,7.05,7.05,6.91,6.95,2003900,MISC
2017-11-01,6.95,7.08,6.95,7.08,1055100,MISC
2017-11-02,7.11,7.11,6.95,7,555600,MISC
2017-11-03,7.02,7.17,6.94,7.11,1734200,MISC
2017-11-06,7.16,7.68,7.15,7.41,7219500,MISC
2017-11-07,7.4,7.56,7.36,7.45,3878000,MISC
2017-11-08,7.54,7.54,7.42,7.46,3565300,MISC
2017-11-09,7.5,7.5,7.43,7.45,840200,MISC
2017-11-10,7.49,7.49,7.3,7.3,1468900,MISC
2017-11-13,7.35,7.46,7.34,7.37,1625100,MISC
2017-11-14,7.43,7.46,7.38,7.38,1976800,MISC
2017-11-15,7.3,7.31,7.19,7.28,1574000,MISC
2017-11-16,7.33,7.33,7.23,7.29,2059100,MISC
2017-11-17,7.27,7.27,7.16,7.19,659600,MISC
2017-11-20,7.2,7.24,7.13,7.19,1259100,MISC
2017-11-21,7.19,7.35,7.14,7.24,779800,MISC
2017-11-22,7.24,7.34,7.16,7.16,1137400,MISC
2017-11-23,7.19,7.24,7.18,7.19,296900,MISC
2017-11-24,7.22,7.22,7.03,7.06,591800,MISC
2017-11-27,7.08,7.12,7.02,7.11,631700,MISC
2017-11-28,7.06,7.1,6.97,6.99,1417400,MISC
2017-11-29,7,7.01,6.89,7.01,3177600,MISC
2017-11-30,7.11,7.11,6.96,7.05,5516300,MISC
2017-12-01,7.05,7.05,7.05,7.05,0,MISC
2017-12-04,7.01,7.29,6.97,7.09,1523900,MISC
2017-12-05,7.09,7.1,7.04,7.08,851900,MISC
2017-12-06,7.08,7.1,7.02,7.08,909900,MISC
2017-12-07,7.04,7.14,7.04,7.09,2187500,MISC
2017-12-08,7.09,7.12,7.09,7.12,1482500,MISC
2017-12-11,7.2,7.25,7.05,7.08,840500,MISC
2017-12-12,7.09,7.15,7.05,7.09,2057300,MISC
2017-12-13,7.09,7.15,7.05,7.11,1623600,MISC
2017-12-14,7.16,7.16,7.08,7.12,1350400,MISC
2017-12-15,7.09,7.24,7.05,7.24,3192600,MISC
2017-12-18,7.24,7.26,7.06,7.14,3316400,MISC
2017-12-19,7.11,7.18,7.07,7.12,450900,MISC
2017-12-20,7.1,7.12,7.05,7.07,806900,MISC
2017-12-21,7.08,7.09,7.04,7.06,609100,MISC
2017-12-22,7.04,7.13,7.04,7.13,335700,MISC
2017-12-25,7.13,7.13,7.13,7.13,0,MISC
2017-12-26,7.13,7.27,7.11,7.27,650100,MISC
2017-12-27,7.28,7.39,7.27,7.39,1572000,MISC
2017-12-28,7.34,7.44,7.24,7.29,478800,MISC
2017-12-29,7.29,7.42,7.28,7.42,1526800,MISC
2018-01-02,7.21,7.44,7.21,7.42,428400,MISC
2018-01-03,7.44,7.51,7.27,7.35,942700,MISC
2018-01-04,7.32,7.47,7.32,7.4,873400,MISC
2018-01-05,7.35,7.49,7.33,7.45,1498100,MISC
2018-01-08,7.5,7.9,7.4,7.49,2580600,MISC
2018-01-09,7.57,7.68,7.47,7.55,1383600,MISC
2018-01-10,7.6,7.6,7.51,7.53,1452400,MISC
2018-01-11,7.48,7.53,7.44,7.5,1002300,MISC
2018-01-12,7.6,7.6,7.36,7.5,1476900,MISC
2018-01-15,7.54,7.59,7.39,7.45,564400,MISC
2018-01-16,7.41,7.43,7.36,7.4,2188400,MISC
2018-01-17,7.59,7.59,7.39,7.44,1248700,MISC
2018-01-18,7.44,7.45,7.33,7.44,913200,MISC
2018-01-19,7.5,7.59,7.46,7.48,1609100,MISC
2018-01-22,7.59,7.59,7.45,7.48,887500,MISC
2018-01-23,7.64,7.64,7.41,7.5,637600,MISC
2018-01-24,7.59,7.59,7.42,7.49,469900,MISC
2018-01-25,7.45,7.56,7.41,7.52,1960000,MISC
2018-01-26,7.49,7.54,7.41,7.54,1301500,MISC
2018-01-29,7.56,7.6,7.48,7.54,752600,MISC
2018-01-30,7.56,7.56,7.42,7.55,820500,MISC
2018-02-02,7.52,7.6,7.52,7.57,2958100,MISC
2018-02-05,7.49,7.56,7.11,7.2,3179100,MISC
2018-02-06,7.1,7.14,6.9,7.1,4190700,MISC
2018-02-07,7.19,7.2,7.03,7.17,3626400,MISC
2018-02-08,7.19,7.32,7.19,7.29,1195000,MISC
2018-02-09,7.25,7.25,7.01,7.13,2154700,MISC
2018-02-12,7.15,7.25,7.08,7.13,1242000,MISC
2018-02-13,7.16,7.16,6.95,7.08,4482000,MISC
2018-02-14,6.99,7.13,6.9,7.08,1684900,MISC
2018-02-15,7.14,7.24,7.01,7.04,249600,MISC
2018-02-16,7.04,7.04,7.04,7.04,0,MISC
2018-02-19,7.04,7.36,7.02,7.16,470100,MISC
2018-02-20,7.22,7.29,7.07,7.11,1663100,MISC
2018-02-21,7.08,7.28,7.08,7.12,1595300,MISC
2018-02-22,7.11,7.15,6.96,7,2069700,MISC
2018-02-23,6.9,7.04,6.9,7.02,3522900,MISC
2018-02-26,6.96,6.96,6.76,6.79,1010900,MISC
2018-02-27,6.8,6.85,6.73,6.79,2468100,MISC
2018-02-28,6.75,6.95,6.75,6.86,3257200,MISC
2018-03-01,6.87,6.9,6.87,6.89,995500,MISC
2018-03-02,6.9,6.94,6.73,6.9,1760900,MISC
2018-03-05,6.93,6.93,6.73,6.88,736600,MISC
2018-03-06,6.91,6.91,6.8,6.85,444600,MISC
2018-03-07,6.81,6.82,6.73,6.78,1501000,MISC
2018-03-08,6.92,6.92,6.75,6.75,1056000,MISC
2018-03-09,6.76,6.83,6.76,6.79,630800,MISC
2018-03-12,6.85,6.99,6.82,6.99,1481500,MISC
2018-03-13,6.92,7.09,6.85,7.09,1139000,MISC
2018-03-14,7.02,7.15,6.85,7.13,683800,MISC
2018-03-15,7.12,7.18,7.01,7.03,985500,MISC
2018-03-16,6.98,7.21,6.96,7.21,3998300,MISC
2018-03-19,7.22,7.22,7.03,7.05,376400,MISC
2018-03-20,7.03,7.3,6.95,7.3,1535400,MISC
2018-03-21,7.28,7.35,7.03,7.3,752300,MISC
2018-03-22,7.24,7.38,7.15,7.2,790500,MISC
2018-03-23,7.15,7.28,7.1,7.15,888100,MISC
2018-03-26,7.1,7.25,7.1,7.15,1219900,MISC
2018-03-27,7.11,7.26,7.04,7.04,449400,MISC
2018-03-28,7.03,7.08,7.01,7.05,748000,MISC
2018-03-29,7.15,7.15,7,7.05,884300,MISC
2018-03-30,7.01,7.1,7,7.05,1261800,MISC
2018-04-02,7.03,7.07,7,7.02,465600,MISC
2018-04-03,6.99,7.1,6.98,7,584500,MISC
2018-04-04,7.07,7.07,6.97,7.07,988800,MISC
2018-04-05,7.19,7.19,7,7.04,449600,MISC
2018-04-06,7.05,7.08,6.98,7.08,941100,MISC
2018-04-09,7.03,7.15,7.03,7.13,1765000,MISC
2018-04-10,7.12,7.18,6.99,7.18,2934100,MISC
2018-04-11,7.17,7.24,7.1,7.14,1618400,MISC
2018-04-12,7.19,7.28,7.04,7.16,944700,MISC
2018-04-13,7.16,7.16,6.96,7,1726800,MISC
2018-04-16,6.93,7.07,6.88,7.04,891600,MISC
2018-04-17,6.97,7.03,6.96,6.99,1898200,MISC
2018-04-18,6.99,7.02,6.82,6.99,1512900,MISC
2018-04-19,7.05,7.19,6.94,7.13,2766700,MISC
2018-04-20,7.15,7.2,7.1,7.2,1556800,MISC
2018-04-23,7.2,7.2,7.02,7.08,2458000,MISC
2018-04-24,7.06,7.13,6.99,7,1771800,MISC
2018-04-25,7,7.08,6.94,7.08,592500,MISC
2018-04-26,6.93,7.1,6.93,7.01,1209500,MISC
2018-04-27,7.05,7.2,7.05,7.1,2032600,MISC
2018-04-30,7.05,7.18,7.05,7.16,3005700,MISC
2018-05-02,7.01,7.14,6.95,7.03,2643200,MISC
2018-05-03,6.98,7.09,6.98,7.05,2297800,MISC
2018-05-04,7.05,7.16,7,7.12,3479500,MISC
2018-05-07,7.01,7.08,7.01,7.06,1797600,MISC
2018-05-08,6.98,7.08,6.98,7.06,2070900,MISC
2018-05-14,6.92,7.2,6.81,7,2427700,MISC
2018-05-15,6.9,7.16,6.9,7.03,3822800,MISC
2018-05-16,6.99,7,6.9,6.95,2633300,MISC
2018-05-17,6.91,7.02,6.63,6.92,6478900,MISC
2018-05-18,6.96,6.96,6.81,6.85,3103200,MISC
2018-05-21,6.74,6.84,6.74,6.74,2218100,MISC
2018-05-22,6.8,6.8,6.49,6.67,2649300,MISC
2018-05-23,6.62,6.71,6.15,6.29,4311700,MISC
2018-05-24,6.29,6.29,5.91,6.06,2348700,MISC
2018-05-25,5.97,6.09,5.84,5.96,2948000,MISC
2018-05-28,5.89,5.96,5.78,5.79,2916800,MISC
2018-05-30,5.79,5.79,5.79,5.79,0,MISC
2018-05-31,5.35,5.35,5.35,5.35,0,MISC
2018-06-01,5.87,6.26,5.87,6.19,2894500,MISC
2018-06-04,6.25,6.5,6.05,6.37,2120200,MISC
2018-06-05,6.3,6.45,6.05,6.2,2001900,MISC
2018-06-06,6.11,6.2,6.08,6.18,3749100,MISC
2018-06-07,6.15,6.24,6.11,6.2,2990100,MISC
2018-06-08,6.16,6.35,6.06,6.12,1526300,MISC
2018-06-11,6.1,6.28,6.04,6.1,1655200,MISC
2018-06-12,6.06,6.18,6.06,6.1,1751500,MISC
2018-06-13,6.06,6.13,5.74,5.86,2523800,MISC
2018-06-14,5.86,5.98,5.76,5.83,3797300,MISC
2018-06-18,5.81,6.04,5.7,6.03,2103100,MISC
2018-06-19,5.88,6.03,5.75,5.91,3366400,MISC
2018-06-20,5.97,6.12,5.92,6.1,3887900,MISC
2018-06-21,6.05,6.17,5.93,6,1916700,MISC
2018-06-22,6.03,6.03,5.83,5.92,3283800,MISC
2018-06-25,5.97,6,5.85,5.98,956100,MISC
2018-06-26,5.95,6,5.88,5.97,805800,MISC
2018-06-27,5.98,5.98,5.76,5.85,1253900,MISC
2018-06-28,5.77,5.86,5.77,5.82,2004100,MISC
2018-06-29,5.88,6.09,5.84,5.92,1254500,MISC
2018-07-02,5.94,5.94,5.83,5.85,1189800,MISC
2018-07-03,5.83,5.9,5.78,5.83,1795900,MISC
2018-07-04,5.86,5.92,5.84,5.9,517400,MISC
2018-07-05,5.9,5.99,5.9,5.99,363500,MISC
2018-07-06,5.99,5.99,5.84,5.92,1709200,MISC
2018-07-09,5.92,5.95,5.86,5.91,989300,MISC
2018-07-10,6.01,6.09,6.01,6.06,876400,MISC
2018-07-11,6.06,6.07,5.97,6.07,771600,MISC
2018-07-12,6,6.17,6,6.1,3295800,MISC
2018-07-13,6.08,6.17,6.08,6.15,3996200,MISC
2018-07-16,6.18,6.24,6.12,6.19,3067500,MISC
2018-07-17,6.11,6.25,6.11,6.22,642700,MISC
2018-07-18,6.12,6.26,6.12,6.23,3601000,MISC
2018-07-19,6.23,6.3,6.23,6.26,2467100,MISC
2018-07-20,6.26,6.29,6.25,6.26,1246200,MISC
2018-07-23,6.25,6.47,6.25,6.3,530300,MISC
2018-07-24,6.3,6.44,6.3,6.35,672300,MISC
2018-07-25,6.3,6.45,6.3,6.4,520500,MISC
2018-07-26,6.48,6.51,6.35,6.5,3297700,MISC
2018-07-27,6.5,6.55,6.43,6.55,814600,MISC
2018-07-30,6.6,6.6,6.32,6.5,2105200,MISC
2018-07-31,6.5,6.79,6.5,6.68,2312400,MISC
2018-08-01,6.68,6.68,6.58,6.68,1042300,MISC
2018-08-02,6.68,6.68,6.47,6.5,1449600,MISC
2018-08-03,6.57,6.57,6.4,6.5,2561100,MISC
2018-08-06,6.51,6.64,6.47,6.52,2594900,MISC
2018-08-07,6.58,6.6,6.4,6.46,1790700,MISC
2018-08-08,6.47,6.48,6.42,6.46,4897600,MISC
2018-08-09,6.42,6.46,6.28,6.28,847400,MISC
2018-08-10,6.26,6.31,6.13,6.18,2089000,MISC
2018-08-13,6.24,6.25,6.12,6.14,630500,MISC
2018-08-14,6.2,6.2,5.97,5.99,1353500,MISC
2018-08-15,5.98,6.13,5.98,6.07,1015100,MISC
2018-08-16,6.01,6.09,5.83,6,2139700,MISC
2018-08-17,5.93,6.15,5.93,6.07,1478600,MISC
2018-08-20,6.13,6.2,6.01,6.07,992900,MISC
2018-08-21,6.05,6.17,6.03,6.08,880600,MISC
2018-08-23,6.07,6.15,6.03,6.09,1471100,MISC
2018-08-24,6.07,6.07,6.01,6.05,1063200,MISC
2018-08-27,5.98,6.05,5.92,5.95,987700,MISC
2018-08-28,5.93,6.13,5.88,6.11,1217400,MISC
2018-08-29,5.93,6.09,5.92,6.09,631600,MISC
2018-08-30,5.98,6.1,5.89,5.93,2061500,MISC
2018-09-03,5.96,5.98,5.91,5.94,254300,MISC
2018-09-04,5.92,5.95,5.88,5.9,1391500,MISC
2018-09-05,5.88,5.93,5.88,5.88,2433100,MISC
2018-09-06,5.86,5.96,5.85,5.88,845500,MISC
2018-09-07,5.89,5.95,5.86,5.9,1153900,MISC
2018-09-12,5.87,5.95,5.84,5.88,1877200,MISC
2018-09-13,5.84,5.9,5.8,5.86,939300,MISC
2018-09-14,5.87,5.93,5.83,5.89,1455100,MISC
2018-09-18,5.89,5.98,5.85,5.97,669100,MISC
2018-09-19,5.97,6.03,5.89,5.94,1346200,MISC
2018-09-20,5.94,5.99,5.9,5.97,1817400,MISC
2018-09-21,5.98,6.19,5.96,6,2055700,MISC
2018-09-24,6.18,6.18,5.96,6.08,218400,MISC
2018-09-25,6,6.12,6,6.05,302800,MISC
2018-09-26,6,6.22,5.95,6.16,855600,MISC
2018-09-27,6.16,6.2,6.02,6.1,1061300,MISC
2018-09-28,6.18,6.18,6,6.06,2385300,MISC
2018-10-01,6.08,6.08,5.99,6.05,96000,MISC
2018-10-02,6.06,6.25,6.01,6.13,636100,MISC
2018-10-03,6.12,6.12,6.04,6.04,157700,MISC
2018-10-04,6.02,6.07,5.9,5.93,974500,MISC
2018-10-05,5.91,5.92,5.8,5.8,1098500,MISC
2018-10-08,5.79,5.81,5.73,5.76,1274600,MISC
2018-10-09,5.73,5.75,5.6,5.66,907700,MISC
2018-10-10,5.7,5.83,5.65,5.79,2258000,MISC
2018-10-11,5.58,5.73,5.56,5.66,2846300,MISC
2018-10-12,5.63,5.64,5.55,5.57,798700,MISC
2018-10-15,5.55,5.64,5.54,5.55,1811600,MISC
2018-10-16,5.53,5.72,5.48,5.68,1426600,MISC
2018-10-17,5.63,5.82,5.58,5.65,1052500,MISC
2018-10-18,5.65,5.65,5.55,5.59,1794800,MISC
2018-10-19,5.56,5.73,5.5,5.73,1509600,MISC
2018-10-22,5.72,5.8,5.72,5.76,772800,MISC
2018-10-23,5.74,5.83,5.64,5.76,1571800,MISC
2018-10-24,5.76,5.94,5.76,5.88,802700,MISC
2018-10-25,5.75,6.15,5.7,6.1,1257100,MISC
2018-10-26,6.08,6.08,5.9,5.96,487300,MISC
2018-10-29,5.96,6.05,5.86,5.91,451900,MISC
2018-10-30,5.9,6.17,5.9,6.03,1298900,MISC
2018-10-31,6.03,6.13,6.03,6.1,4588100,MISC
2018-11-01,6.1,6.61,6.1,6.61,2467500,MISC
2018-11-02,6.32,6.8,6.32,6.7,2332100,MISC
2018-11-05,6.82,6.91,6.79,6.86,7293100,MISC
2018-11-07,6.68,6.94,6.68,6.9,3544100,MISC
2018-11-08,6.95,7.09,6.76,6.97,2219900,MISC
2018-11-09,6.9,6.95,6.45,6.45,1713100,MISC
2018-11-12,6.46,6.98,6.46,6.62,1060900,MISC
2018-11-13,6.76,6.94,6.61,6.61,3523000,MISC
2018-11-14,6.7,6.75,6.58,6.64,1066500,MISC
2018-11-15,6.64,6.7,6.57,6.6,2215300,MISC
2018-11-16,6.6,6.63,6.52,6.59,4059000,MISC
2018-11-19,6.6,6.73,6.51,6.6,2094300,MISC
2018-11-21,6.51,6.59,6.35,6.53,3354700,MISC
2018-11-22,6.5,6.54,6.39,6.5,4019100,MISC
2018-11-23,6.53,6.59,6.33,6.5,1915500,MISC
2018-11-26,6.67,6.67,6.46,6.5,1044300,MISC
2018-11-27,6.55,6.55,6.49,6.5,2415400,MISC
2018-11-28,6.67,6.67,6.35,6.46,2439400,MISC
2018-11-29,6.5,6.5,6.35,6.4,1058100,MISC
2018-11-30,6.49,6.49,6.05,6.15,4409700,MISC
2018-12-03,6.15,6.29,6.15,6.17,1464100,MISC
2018-12-04,6.1,6.2,6.1,6.17,1387800,MISC
2018-12-05,6.13,6.15,6.09,6.12,930400,MISC
2018-12-06,6.08,6.11,5.93,6.06,1309700,MISC
2018-12-07,6.06,6.12,6.06,6.1,3385000,MISC
2018-12-10,6.1,6.1,5.95,6.01,2001800,MISC
2018-12-11,5.95,6.22,5.95,6,3193200,MISC
2018-12-12,6,6.15,6,6,6191100,MISC
2018-12-13,6.18,6.18,6.06,6.08,3266100,MISC
2018-12-14,6.18,6.18,6.1,6.1,1307000,MISC
2018-12-17,5.96,6.12,5.96,6.09,866800,MISC
2018-12-18,5.94,6.21,5.94,6.2,2172900,MISC
2018-12-19,6.28,6.37,6.15,6.34,1623000,MISC
2018-12-20,6.15,6.41,6.06,6.3,1543500,MISC
2018-12-21,6.23,6.34,6.15,6.15,3555200,MISC
2018-12-24,6.1,6.4,6.09,6.36,480500,MISC
2018-12-26,6.24,6.36,6.23,6.27,596600,MISC
2018-12-27,6.3,6.39,6.28,6.33,1226900,MISC
2018-12-28,6.4,6.68,6.35,6.58,638300,MISC
2018-12-31,6.47,6.74,6.47,6.7,1653400,MISC
2019-01-02,6.75,6.75,6.48,6.55,720000,MISC
2019-01-03,6.69,6.75,6.48,6.7,1454100,MISC
2019-01-04,6.7,6.74,6.63,6.67,315100,MISC
2019-01-07,6.6,6.7,6.48,6.69,781000,MISC
2019-01-08,6.7,6.7,6.29,6.41,858100,MISC
2019-01-09,6.41,6.61,6.2,6.23,1299400,MISC
2019-01-10,6.27,6.47,6.27,6.43,1577000,MISC
2019-01-11,6.5,6.56,6.37,6.45,1750700,MISC
2019-01-14,6.51,6.63,6.48,6.52,369100,MISC
2019-01-15,6.58,6.7,6.51,6.62,1407700,MISC
2019-01-16,6.52,6.69,6.52,6.63,2797400,MISC
2019-01-17,6.7,6.7,6.54,6.6,1061600,MISC
2019-01-18,6.7,6.7,6.62,6.63,1101600,MISC
2019-01-22,6.7,6.7,6.54,6.65,2089000,MISC
2019-01-23,6.51,6.75,6.51,6.64,4253100,MISC
2019-01-24,6.72,6.72,6.65,6.67,5650800,MISC
2019-01-25,6.71,6.75,6.58,6.68,6204800,MISC
2019-01-28,6.71,6.73,6.61,6.7,3070600,MISC
2019-01-29,6.67,6.7,6.38,6.65,1836600,MISC
2019-01-30,6.69,6.84,6.66,6.77,3833700,MISC
2019-01-31,6.85,6.89,6.77,6.78,4773100,MISC
2019-02-04,6.81,6.93,6.7,6.7,1567500,MISC
2019-02-07,6.67,6.98,6.67,6.96,1240600,MISC
2019-02-08,6.81,6.9,6.81,6.85,4056500,MISC
2019-02-11,6.78,6.81,6.75,6.79,515800,MISC
2019-02-12,6.78,6.92,6.76,6.8,872600,MISC
2019-02-13,6.73,6.81,6.73,6.81,2758300,MISC
2019-02-14,6.75,6.82,6.75,6.8,2615300,MISC
2019-02-15,6.81,6.9,6.78,6.85,1493400,MISC
2019-02-18,6.93,6.93,6.89,6.9,1243800,MISC
2019-02-19,7,7.02,6.92,6.92,1466100,MISC
2019-02-20,6.99,6.99,6.91,6.92,3888700,MISC
2019-02-21,7,7.04,6.95,6.98,2568000,MISC
2019-02-22,7.02,7.02,6.87,6.91,634000,MISC
2019-02-25,6.91,6.91,6.87,6.9,5574800,MISC
2019-02-26,6.97,7.04,6.91,7,1842100,MISC
2019-02-27,7,7.1,6.85,6.98,2003300,MISC
2019-02-28,7.06,7.06,6.86,6.9,5245900,MISC
2019-03-01,6.84,6.95,6.83,6.89,1444300,MISC
2019-03-04,6.81,6.86,6.63,6.82,385700,MISC
2019-03-05,6.73,6.94,6.73,6.82,915400,MISC
2019-03-06,6.7,6.84,6.7,6.8,1419600,MISC
2019-03-07,6.74,6.85,6.74,6.81,485100,MISC
2019-03-08,6.81,6.82,6.74,6.77,1651100,MISC
2019-03-11,6.74,6.74,6.71,6.71,916300,MISC
2019-03-12,6.72,6.79,6.69,6.71,769600,MISC
2019-03-13,6.71,6.73,6.71,6.72,553900,MISC
2019-03-14,6.71,6.82,6.71,6.74,852600,MISC
2019-03-15,6.67,6.84,6.67,6.8,2196100,MISC
2019-03-18,6.8,6.8,6.7,6.77,861600,MISC
2019-03-19,6.71,6.89,6.71,6.74,1516700,MISC
2019-03-20,6.72,6.75,6.66,6.73,2005300,MISC
2019-03-21,6.78,7.22,6.67,6.73,947500,MISC
2019-03-22,6.74,6.86,6.68,6.74,1338400,MISC
2019-03-25,6.84,6.84,6.66,6.72,1220000,MISC
2019-03-26,6.74,6.76,6.66,6.67,990700,MISC
2019-03-27,6.66,6.74,6.66,6.68,1163300,MISC
2019-03-28,6.65,6.76,6.63,6.68,1040700,MISC
2019-03-29,6.82,6.84,6.58,6.69,1198800,MISC
2019-04-01,6.69,6.76,6.63,6.64,552900,MISC
2019-04-02,6.64,6.69,6.64,6.64,536200,MISC
2019-04-03,6.7,6.7,6.63,6.7,293800,MISC
2019-04-04,6.64,6.7,6.64,6.69,353100,MISC
2019-04-05,6.7,6.7,6.64,6.65,1085600,MISC
2019-04-08,6.63,6.66,6.63,6.66,951700,MISC
2019-04-09,6.66,6.66,6.63,6.65,1138100,MISC
2019-04-10,6.63,6.71,6.61,6.67,669700,MISC
2019-04-11,6.65,6.78,6.62,6.64,316700,MISC
2019-04-12,6.66,6.8,6.6,6.7,467900,MISC
2019-04-15,6.61,6.77,6.61,6.66,361300,MISC
2019-04-16,6.77,6.79,6.65,6.66,125300,MISC
2019-04-17,6.7,6.7,6.66,6.7,260300,MISC
2019-04-18,6.8,6.8,6.62,6.75,1010700,MISC
2019-04-19,6.75,6.75,6.64,6.64,280400,MISC
2019-04-22,6.67,6.69,6.58,6.59,417100,MISC
2019-04-23,6.59,6.63,6.58,6.59,1563700,MISC
2019-04-24,6.62,6.8,6.58,6.76,1574700,MISC
2019-04-25,6.76,6.8,6.76,6.8,2413800,MISC
2019-04-26,6.71,6.88,6.68,6.85,2400300,MISC
2019-04-29,6.8,6.82,6.76,6.8,1916900,MISC
2019-04-30,6.98,6.98,6.8,6.9,2171800,MISC
2019-05-02,6.83,6.87,6.77,6.8,255800,MISC
2019-05-03,6.81,6.88,6.81,6.85,1413000,MISC
2019-05-06,6.86,6.88,6.82,6.88,254100,MISC
2019-05-07,6.88,6.93,6.78,6.9,1104100,MISC
2019-05-08,6.78,6.87,6.71,6.8,771800,MISC
2019-05-09,6.75,6.78,6.66,6.74,1492500,MISC
2019-05-10,6.8,6.8,6.71,6.71,1734100,MISC
2019-05-13,6.66,6.7,6.65,6.68,3511900,MISC
2019-05-14,6.48,6.58,6.38,6.56,2569900,MISC
2019-05-15,6.45,6.59,6.45,6.55,1265200,MISC
2019-05-16,6.52,6.6,6.52,6.53,788900,MISC
2019-05-17,6.52,6.62,6.52,6.57,627600,MISC
2019-05-21,6.5,6.8,6.5,6.55,630500,MISC
2019-05-23,6.78,6.78,6.5,6.54,367600,MISC
2019-05-24,6.51,6.57,6.5,6.52,2101900,MISC
2019-05-27,6.61,6.77,6.6,6.61,2059400,MISC
2019-05-28,6.6,6.72,6.59,6.7,7478300,MISC
2019-05-29,6.69,6.83,6.68,6.81,1981900,MISC
2019-05-30,6.81,7.08,6.81,6.94,2184300,MISC
2019-05-31,7,7,6.89,6.95,2076800,MISC
2019-06-03,6.85,7,6.83,6.95,2075700,MISC
2019-06-04,7,7.09,6.91,6.91,2536300,MISC
2019-06-05,6.91,6.91,6.91,6.91,0,MISC
2019-06-06,6.91,6.91,6.91,6.91,0,MISC
2019-06-07,7.09,7.1,6.95,7,2069000,MISC
2019-06-10,6.98,7.03,6.98,7,1594800,MISC
2019-06-11,7.01,7.37,7,7.16,1555700,MISC
2019-06-12,7.01,7.38,7.01,7.2,2868400,MISC
2019-06-13,7.04,7.2,7.04,7.13,1345100,MISC
2019-06-14,7.26,7.26,6.91,7.11,1720600,MISC
2019-06-17,7,7.17,6.93,6.97,1506500,MISC
2019-06-18,7.04,7.32,7.04,7.2,3178000,MISC
2019-06-19,7.26,7.38,7.13,7.15,1719900,MISC
2019-06-20,7.04,7.35,7.04,7.18,3986900,MISC
2019-06-21,7.08,7.24,7.08,7.2,3502500,MISC
2019-06-24,7.2,7.22,7.15,7.22,1499000,MISC
2019-06-25,7.2,7.29,7.15,7.21,1492000,MISC
2019-06-26,7.11,7.5,7.11,7.15,2297100,MISC
2019-06-27,7.17,7.4,7.16,7.2,3044300,MISC
2019-06-28,7.14,7.38,7.14,7.15,2335300,MISC
2019-07-01,7.15,7.23,7.12,7.21,1916900,MISC
2019-07-02,7.3,7.31,7.16,7.28,3118200,MISC
2019-07-03,7.25,7.31,7.17,7.23,1607800,MISC
2019-07-04,7.29,7.31,7.24,7.27,875000,MISC
2019-07-05,7.25,7.27,7.2,7.26,290200,MISC
2019-07-08,7.25,7.25,7.18,7.2,3504100,MISC
2019-07-09,7.2,7.24,7.19,7.22,3413700,MISC
2019-07-10,7.25,7.34,7.21,7.23,2927100,MISC
2019-07-11,7.25,7.37,7.2,7.28,3484500,MISC
2019-07-12,7.36,7.36,7.2,7.29,3059200,MISC
2019-07-15,7.27,7.31,7.27,7.3,1614200,MISC
2019-07-16,7.38,7.4,7.25,7.33,2541100,MISC
2019-07-17,7.33,7.4,7.24,7.32,2038400,MISC
2019-07-18,7.37,7.39,7.24,7.28,2841500,MISC
2019-07-19,7.18,7.38,7.18,7.34,1913600,MISC
2019-07-22,7.21,7.37,7.17,7.34,1194400,MISC
2019-07-23,7.36,7.38,7.34,7.36,2694400,MISC
2019-07-24,7.36,7.4,7.26,7.36,5921100,MISC
2019-07-25,7.37,7.38,7.34,7.35,3581000,MISC
2019-07-26,7.16,7.28,7.16,7.24,1894200,MISC
2019-07-29,7.17,7.31,7.15,7.23,473200,MISC
2019-07-31,7.21,7.31,7.2,7.25,4862900,MISC
2019-08-01,7.18,7.37,7.18,7.3,3306200,MISC
2019-08-02,7.23,7.26,7.16,7.21,2318600,MISC
2019-08-05,7.21,7.3,7.17,7.2,2285400,MISC
2019-08-06,7.01,7.31,7.01,7.2,4536400,MISC
2019-08-07,7.2,7.26,7.15,7.21,2494100,MISC
2019-08-08,7.11,7.29,7.11,7.21,2631700,MISC
2019-08-09,7.13,7.26,7.13,7.22,1458000,MISC
2019-08-13,7.27,7.27,7.12,7.2,1416500,MISC
2019-08-14,7.17,7.29,7.17,7.25,2295300,MISC
2019-08-15,7.16,7.28,7.11,7.18,2447600,MISC
2019-08-16,7.12,7.36,7.12,7.29,806900,MISC
2019-08-19,7.2,7.36,7.2,7.31,2143000,MISC
2019-08-20,7.31,7.45,7.31,7.36,1779200,MISC
2019-08-21,7.3,7.39,7.23,7.23,479500,MISC
2019-08-22,7.21,7.35,7.2,7.3,1466400,MISC
2019-08-23,7.45,7.45,7.23,7.29,1268300,MISC
2019-08-26,7.22,7.42,7.04,7.27,1237400,MISC
2019-08-27,7.28,7.28,6.96,6.96,3954200,MISC
2019-08-28,6.96,7.23,6.96,7.2,1749200,MISC
2019-08-29,7.26,7.28,7.12,7.25,1183100,MISC
2019-08-30,7.29,7.48,7.25,7.26,2548000,MISC
2019-09-03,7.3,7.39,7.14,7.15,1804800,MISC
2019-09-04,7.21,7.21,7.07,7.16,1833500,MISC
2019-09-05,7.12,7.53,7.12,7.49,4168100,MISC
2019-09-06,7.53,8.04,7.53,7.75,8378200,MISC
2019-09-10,7.74,7.85,7.74,7.8,6095100,MISC
2019-09-11,7.81,7.9,7.76,7.79,4301500,MISC
2019-09-12,7.93,7.93,7.77,7.8,2326600,MISC
2019-09-13,7.8,7.8,7.7,7.74,2340200,MISC
2019-09-17,7.93,8,7.76,7.79,3806500,MISC
2019-09-18,7.9,7.9,7.78,7.8,2074400,MISC
2019-09-19,7.97,7.97,7.77,7.78,1840600,MISC
2019-09-20,7.85,7.85,7.7,7.75,6486500,MISC
2019-09-23,7.88,7.88,7.69,7.75,1191900,MISC
2019-09-24,7.8,7.8,7.71,7.74,1750500,MISC
2019-09-25,7.8,7.84,7.71,7.72,4923800,MISC
2019-09-26,7.75,7.75,7.69,7.7,4619100,MISC
2019-09-27,7.75,7.8,7.72,7.73,7406600,MISC
2019-09-30,7.76,7.88,7.76,7.8,7733500,MISC
2019-10-01,7.86,7.98,7.85,7.89,6201900,MISC
2019-10-02,7.87,8,7.81,7.84,4027400,MISC
2019-10-03,7.96,7.96,7.79,7.8,4678200,MISC
2019-10-04,7.94,7.94,7.78,7.8,7136200,MISC
2019-10-07,7.8,7.89,7.76,7.78,2305500,MISC
2019-10-08,7.86,7.9,7.8,7.84,11218100,MISC
2019-10-09,7.87,8.04,7.83,7.98,10529800,MISC
2019-10-10,8.04,8.15,7.99,8.04,10082300,MISC
2019-10-11,8.09,8.46,8.05,8.28,11461700,MISC
2019-10-14,8.3,8.63,8.3,8.4,4540300,MISC
2019-10-15,8.58,8.58,8.39,8.4,5798600,MISC
2019-10-16,8.48,8.48,8.39,8.42,9840000,MISC
2019-10-17,8.39,8.4,8.34,8.38,5187600,MISC
2019-10-18,8.4,8.41,8.24,8.3,7274100,MISC
2019-10-21,8.4,8.4,8.3,8.31,2150600,MISC
2019-10-22,8.4,8.4,8.23,8.25,5865300,MISC
2019-10-23,8.32,8.48,8.26,8.3,8612100,MISC
2019-10-24,8.38,8.4,8.27,8.3,7090000,MISC
2019-10-25,8.34,8.34,8.27,8.28,4032700,MISC
2019-10-29,8.34,8.48,8.2,8.38,6800800,MISC
2019-10-30,8.39,8.4,8.36,8.38,4806300,MISC
2019-10-31,8.43,8.43,8.29,8.33,5049000,MISC
2019-11-01,8.22,8.4,8.18,8.24,2318400,MISC
2019-11-04,8.41,8.41,8.28,8.28,4839900,MISC
2019-11-05,8.25,8.31,8.17,8.19,6026500,MISC
2019-11-06,8.26,8.28,8.14,8.2,6940500,MISC
2019-11-07,8.3,8.34,8.26,8.3,11428000,MISC
2019-11-08,8.32,8.32,8.27,8.28,3841200,MISC
2019-11-11,8.28,8.3,8.24,8.26,4102200,MISC
2019-11-12,8.32,8.32,8.27,8.3,5952900,MISC
2019-11-13,8.35,8.35,8.25,8.3,3024300,MISC
2019-11-14,8.29,8.3,8.22,8.25,4027700,MISC
2019-11-15,8.35,8.35,8.21,8.24,2053000,MISC
2019-11-18,8.25,8.28,8.21,8.25,3944700,MISC
2019-11-19,8.34,8.34,8.24,8.3,2522000,MISC
2019-11-20,8.36,8.45,8.31,8.34,3596400,MISC
2019-11-21,8.41,8.41,8.21,8.33,4458500,MISC
2019-11-22,8.41,8.44,8.28,8.31,2549800,MISC
2019-11-25,8.28,8.44,8.23,8.31,1022900,MISC
2019-11-26,8.17,8.33,8.17,8.25,12767400,MISC
2019-11-27,8.35,8.35,8.17,8.3,784500,MISC
2019-11-28,8.3,8.35,8.24,8.26,1814200,MISC
2019-11-29,8.2,8.3,7.98,8.15,2732800,MISC
2019-12-02,8.15,8.3,8.15,8.2,3691900,MISC
2019-12-03,8.3,8.3,8.08,8.2,4453200,MISC
2019-12-04,8.01,8.18,8.01,8.1,2496500,MISC
2019-12-05,8.11,8.23,8.11,8.15,1956500,MISC
2019-12-06,8.3,8.39,8.02,8.33,1634700,MISC
2019-12-09,8.24,8.34,8.19,8.29,2207600,MISC
2019-12-10,8.19,8.35,8.17,8.3,3852500,MISC
2019-12-11,8.41,8.41,8.23,8.3,4591500,MISC
2019-12-12,8.39,9.41,8.36,8.41,13395600,MISC
2019-12-13,8.5,8.59,8.33,8.33,15482600,MISC
2019-12-16,8.3,8.65,8.3,8.56,2907700,MISC
2019-12-17,8.39,8.58,8.26,8.35,5434900,MISC
2019-12-18,8.3,8.51,8.3,8.38,4216600,MISC
2019-12-19,8.32,8.45,8.32,8.38,2059200,MISC
2019-12-20,8.54,8.58,8.34,8.39,3683700,MISC
2019-12-23,8.39,8.65,8.39,8.55,2079500,MISC
2019-12-24,8.55,8.59,8.37,8.43,1036200,MISC
2019-12-26,8.47,8.47,8.38,8.4,1071300,MISC
2019-12-27,8.49,8.49,8.41,8.44,2210800,MISC
2019-12-30,8.44,8.47,8.39,8.44,1787000,MISC
2019-12-31,8.49,8.55,8.28,8.35,5309700,MISC
2020-01-02,8.35,8.4,8.31,8.4,1519000,MISC
2020-01-03,8.35,8.58,8.35,8.49,3739900,MISC
2020-01-06,8.57,8.57,8.34,8.47,804500,MISC
2020-01-07,8.36,8.52,8.36,8.43,2939400,MISC
2020-01-08,8.38,8.48,8.22,8.27,3241100,MISC
2020-01-09,8.27,8.32,8.23,8.27,2116700,MISC
2020-01-10,8.33,8.34,8.25,8.32,2738000,MISC
2020-01-13,8.32,8.32,8.23,8.27,4230500,MISC
2020-01-14,8.25,8.33,8.24,8.26,5540600,MISC
2020-01-15,8.34,8.34,8.07,8.21,2881500,MISC
2020-01-16,8.24,8.24,8.09,8.17,3187300,MISC
2020-01-17,8.19,8.22,8.17,8.2,4493600,MISC
2020-01-20,8.28,8.28,8.11,8.14,1254500,MISC
2020-01-21,8.14,8.16,8.12,8.14,959100,MISC
2020-01-22,8.12,8.21,8.08,8.14,3768800,MISC
2020-01-23,8.15,8.15,8.02,8.08,3173800,MISC
2020-01-24,8.03,8.12,7.86,8.12,1839100,MISC
2020-01-28,7.84,8.04,7.66,8.03,5756000,MISC
2020-01-29,7.9,8.08,7.82,8,5315200,MISC
2020-01-30,7.95,7.99,7.88,7.95,6408000,MISC
2020-01-31,7.95,7.95,7.63,7.69,8000200,MISC
2020-02-03,7.74,7.84,7.41,7.82,5493500,MISC
2020-02-04,7.82,7.86,7.72,7.85,4596000,MISC
2020-02-05,7.89,8.01,7.85,7.96,7856600,MISC
2020-02-06,8.03,8.35,8.03,8.25,5669800,MISC
2020-02-07,8.3,8.3,8.05,8.17,4623000,MISC
2020-02-10,8.15,8.15,8.01,8.07,3281700,MISC
2020-02-11,8.2,8.2,7.96,8.02,4888500,MISC
2020-02-12,7.99,8.01,7.94,8,6764200,MISC
2020-02-13,8.02,8.04,7.94,8.03,4728600,MISC
2020-02-14,8,8.09,8,8.07,4934300,MISC
2020-02-17,8.07,8.07,7.99,8.01,1302200,MISC
2020-02-18,8.07,8.07,7.85,7.88,9540000,MISC
2020-02-19,7.91,7.96,7.74,7.9,4259500,MISC
2020-02-20,7.9,7.9,7.7,7.8,6688200,MISC
2020-02-21,7.74,7.86,7.66,7.69,3834100,MISC
2020-02-24,7.43,7.6,7.15,7.42,9933900,MISC
2020-02-25,7.27,7.55,7.26,7.5,6710400,MISC
2020-02-26,7.4,7.81,7.4,7.7,10799400,MISC
2020-02-27,7.59,7.9,7.55,7.76,9765300,MISC
2020-02-28,7.52,7.73,7.52,7.59,13595100,MISC
2020-03-02,7.38,7.43,7.18,7.36,4206500,MISC
2020-03-03,7.4,7.49,7.38,7.45,3616700,MISC
2020-03-04,7.32,7.59,7.3,7.45,5837900,MISC
2020-03-05,7.4,7.46,7.37,7.41,4211100,MISC
2020-03-06,7.35,7.41,7.35,7.4,4889900,MISC
2020-03-09,7.27,7.27,6.58,6.65,8511200,MISC
2020-03-10,6.52,7.05,6.52,7.02,6307600,MISC
2020-03-11,7.07,7.67,7.03,7.5,11117300,MISC
2020-03-12,7.43,7.52,7.28,7.5,9307200,MISC
2020-03-13,7.5,7.5,7.5,7.5,0,MISC
2020-03-16,7.37,7.4,7.19,7.35,9047500,MISC
2020-03-17,7,7.41,6.93,7.39,9549800,MISC
2020-03-18,7.4,7.45,6.9,7.31,9235000,MISC
2020-03-19,7.29,7.38,7.29,7.31,5538800,MISC
2020-03-20,7.15,7.48,7.15,7.44,10399300,MISC
2020-03-23,7.33,7.47,7.2,7.4,6203200,MISC
2020-03-24,7.5,7.68,7.44,7.6,3896400,MISC
2020-03-25,7.7,7.72,7.47,7.55,5719900,MISC
2020-03-26,7.55,7.58,7.38,7.53,6130700,MISC
2020-03-27,7.55,7.58,7.47,7.5,2671700,MISC
2020-03-30,7.32,7.46,7.32,7.4,3679100,MISC
2020-03-31,7.41,7.55,7.37,7.44,6121400,MISC
2020-04-01,7.34,7.5,7.29,7.49,3332000,MISC
2020-04-02,7.5,7.64,7.35,7.49,5046800,MISC
2020-04-03,7.49,7.57,7.39,7.53,6799400,MISC
2020-04-06,7.45,7.6,7.45,7.54,3298800,MISC
2020-04-07,7.53,7.66,7.53,7.58,4281400,MISC
2020-04-08,7.57,7.67,7.53,7.59,5939600,MISC
2020-04-09,7.59,7.64,7.51,7.58,5875600,MISC
2020-04-10,7.55,7.62,7.49,7.59,707800,MISC
2020-04-13,7.65,7.65,7.55,7.59,3352800,MISC
2020-04-14,7.6,7.75,7.6,7.72,1735800,MISC
2020-04-15,7.85,7.97,7.75,7.85,4135600,MISC
2020-04-16,7.8,7.95,7.79,7.91,3911000,MISC
2020-04-17,8,8.18,7.9,7.91,5255800,MISC
2020-04-20,7.97,8.08,7.96,7.99,3841000,MISC
2020-04-21,7.97,7.99,7.86,7.96,3682700,MISC
2020-04-22,7.82,8,7.82,7.94,4245700,MISC
2020-04-23,7.8,8,7.8,7.98,4605900,MISC
2020-04-24,7.9,7.98,7.28,7.8,16013500,MISC
2020-04-27,7.5,7.95,7.5,7.9,5941300,MISC
2020-04-28,7.67,8.38,7.67,8.38,4240600,MISC
2020-04-29,8.09,8.09,7.9,7.9,6863300,MISC
2020-04-30,7.94,7.97,7.86,7.89,2598700,MISC
2020-05-04,7.71,7.93,7.59,7.8,1711800,MISC
2020-05-05,7.8,7.98,7.73,7.8,2589100,MISC
2020-05-06,7.75,7.91,7.73,7.77,4343800,MISC
2020-05-08,7.9,8.05,7.82,7.9,4581300,MISC
2020-05-12,7.74,8.04,7.74,7.96,4591100,MISC
2020-05-13,8.04,8.2,7.96,8.05,8541500,MISC
2020-05-14,8.2,8.2,7.8,7.8,9168100,MISC
2020-05-15,7.89,8.05,7.88,8,2584700,MISC
2020-05-18,8.08,8.1,7.99,8.02,3599800,MISC
2020-05-19,8.08,8.12,8.03,8.1,6145000,MISC
2020-05-20,8.16,8.21,8.07,8.1,4417600,MISC
2020-05-21,8.2,8.28,8.09,8.19,2169600,MISC
2020-05-22,8.19,8.2,8.03,8.08,2820600,MISC
2020-05-27,8.24,8.42,8.18,8.28,5370900,MISC
2020-05-28,8.3,8.3,8.11,8.19,4444400,MISC
2020-05-29,8.23,8.3,8.09,8.3,7636400,MISC
2020-06-02,8.3,8.3,8.3,8.3,0,MISC
2020-06-03,8.26,8.37,8.22,8.27,5148600,MISC
2020-06-04,8.3,8.55,8.29,8.36,5062100,MISC
2020-06-05,8.33,8.37,8.22,8.3,7674300,MISC
2020-06-09,8.45,8.55,8.16,8.25,7952800,MISC
2020-06-10,8.23,8.52,8.23,8.3,5668000,MISC
2020-06-11,8.31,8.37,8.08,8.25,5216200,MISC
2020-06-12,8.3,8.3,8.15,8.22,4251600,MISC
2020-06-15,8.2,8.21,7.65,8.08,9678800,MISC
2020-06-16,8.14,8.19,8.09,8.14,4811900,MISC
2020-06-17,8.18,8.18,8.06,8.14,4809500,MISC
2020-06-18,8.17,8.17,7.8,7.8,3866700,MISC
2020-06-19,7.91,7.92,7.69,7.72,6869300,MISC
2020-06-22,7.72,7.85,7.72,7.8,2055900,MISC
2020-06-23,7.83,7.83,7.55,7.79,3829800,MISC
2020-06-24,7.85,7.85,7.74,7.8,3067500,MISC
2020-06-25,7.85,7.85,7.65,7.7,2313600,MISC
2020-06-26,7.71,7.8,7.68,7.69,2831000,MISC
2020-06-29,7.67,7.74,7.6,7.69,2512400,MISC
2020-06-30,7.67,7.8,7.66,7.66,4189100,MISC
2020-07-01,7.66,7.79,7.55,7.76,2291500,MISC
2020-07-02,7.65,8,7.65,7.85,2506600,MISC
2020-07-03,7.88,7.97,7.8,7.82,1542700,MISC
2020-07-06,8,8.09,7.84,7.99,2073900,MISC
2020-07-07,8,8,7.74,7.85,2481500,MISC
2020-07-08,7.73,8.02,7.72,8,3301700,MISC
2020-07-09,7.9,8,7.76,7.85,1991000,MISC
2020-07-10,7.78,7.94,7.76,7.85,2265700,MISC
2020-07-13,7.9,7.96,7.85,7.88,1346000,MISC
2020-07-14,7.76,7.92,7.7,7.9,2684100,MISC
2020-07-15,7.96,8.05,7.86,7.9,4635800,MISC
2020-07-16,8.1,8.1,7.83,7.89,1062200,MISC
2020-07-17,8.02,8.12,7.83,7.87,2672500,MISC
2020-07-20,7.93,7.93,7.84,7.9,1392900,MISC
2020-07-21,8,8,7.66,7.66,3122900,MISC
2020-07-22,7.7,7.84,7.65,7.75,3117000,MISC
2020-07-23,7.77,7.91,7.77,7.82,2550900,MISC
2020-07-24,7.86,7.9,7.75,7.9,4831400,MISC
2020-07-27,7.92,7.92,7.84,7.9,483500,MISC
2020-07-28,7.9,7.99,7.84,7.89,2265400,MISC
2020-07-29,7.94,7.96,7.75,7.85,3237900,MISC
2020-07-30,7.81,7.9,7.81,7.89,2598100,MISC
2020-08-03,7.85,8,7.79,7.87,2078000,MISC
2020-08-04,7.76,7.93,7.75,7.85,1186900,MISC
2020-08-05,7.85,7.9,7.72,7.83,1293700,MISC
2020-08-06,7.84,7.96,7.8,7.84,1656000,MISC
2020-08-07,7.8,7.88,7.71,7.8,1899400,MISC
2020-08-10,7.8,7.8,7.71,7.79,637200,MISC
2020-08-11,7.83,7.83,7.73,7.75,1379800,MISC
2020-08-12,7.8,7.9,7.75,7.88,1055400,MISC
2020-08-13,7.75,7.95,7.75,7.87,512200,MISC
2020-08-14,7.75,7.93,7.75,7.89,1914600,MISC
2020-08-17,7.75,8,7.73,7.83,2760400,MISC
2020-08-18,7.86,7.9,7.73,7.81,2218400,MISC
2020-08-19,7.78,7.93,7.77,7.85,2083600,MISC
2020-08-21,7.76,7.89,7.73,7.8,1193400,MISC
2020-08-24,7.77,7.95,7.77,7.9,1285300,MISC
2020-08-25,7.86,8,7.82,7.85,2929300,MISC
2020-08-26,7.7,7.93,7.49,7.82,2867100,MISC
2020-08-27,7.75,7.85,7.71,7.76,1641500,MISC
2020-08-28,7.75,7.81,7.47,7.61,4410800,MISC
2020-09-01,7.65,7.65,7.36,7.55,5515400,MISC
2020-09-02,7.5,7.77,7.49,7.72,6630500,MISC
2020-09-03,7.8,7.8,7.56,7.64,5115200,MISC
2020-09-04,7.52,7.68,7.5,7.62,3391300,MISC
2020-09-07,7.6,7.75,7.51,7.67,1970000,MISC
2020-09-08,7.64,7.74,7.6,7.64,564600,MISC
2020-09-09,7.56,7.7,7.51,7.52,2681000,MISC
2020-09-10,7.59,7.68,7.46,7.59,1684100,MISC
2020-09-11,7.5,7.64,7.5,7.55,1004400,MISC
2020-09-14,7.6,7.64,7.53,7.62,770700,MISC
2020-09-15,7.56,7.99,7.56,7.73,1328900,MISC
2020-09-17,7.73,7.8,7.51,7.58,2844000,MISC
2020-09-18,7.53,7.68,7.53,7.55,3798600,MISC
2020-09-21,7.52,7.52,7.4,7.45,1533100,MISC
2020-09-22,7.39,7.53,7.38,7.5,1224100,MISC
2020-09-23,7.5,7.53,7.43,7.47,1140100,MISC
2020-09-24,7.43,7.51,7.41,7.45,1405900,MISC
2020-09-25,7.4,7.41,7.21,7.39,2024000,MISC
2020-09-28,7.3,7.4,7.21,7.21,1932000,MISC
2020-09-29,7.27,7.36,7.25,7.32,2047400,MISC
2020-09-30,7.38,7.6,7.33,7.5,1713100,MISC
2020-10-01,7.37,7.44,7.26,7.29,2122500,MISC
2020-10-02,7.29,7.29,7.14,7.2,777400,MISC
2020-10-05,7.18,7.28,7.13,7.18,1353000,MISC
2020-10-06,7.25,7.25,7.11,7.11,2414500,MISC
2020-10-07,7.02,7.09,6.69,6.9,4299500,MISC
2020-10-08,6.93,7.06,6.9,6.93,2690100,MISC
2020-10-09,6.9,7.14,6.9,7.1,1741800,MISC
2020-10-12,7.1,7.1,6.91,6.99,1303300,MISC
2020-10-13,6.93,6.95,6.82,6.85,2768100,MISC
2020-10-14,6.77,6.79,6.67,6.7,5984500,MISC
2020-10-15,6.7,6.75,6.6,6.6,2138100,MISC
2020-10-16,6.66,6.71,6.6,6.6,4056600,MISC
2020-10-19,6.69,6.69,6.47,6.53,1845400,MISC
2020-10-20,6.53,6.58,6.41,6.44,2640300,MISC
2020-10-21,6.48,6.55,6.4,6.4,4580100,MISC
2020-10-22,6.4,6.82,6.38,6.61,3909300,MISC
2020-10-23,6.61,6.98,6.56,6.96,2705100,MISC
2020-10-26,6.97,7.02,6.74,6.82,2509200,MISC
2020-10-27,6.75,6.9,6.63,6.79,2805000,MISC
2020-10-28,6.87,6.87,6.6,6.75,2475600,MISC
2020-10-30,6.65,6.83,6.43,6.59,3379200,MISC
2020-11-02,6.5,6.72,6.44,6.52,1501900,MISC
2020-11-03,6.51,6.66,6.51,6.58,2873100,MISC
2020-11-04,6.7,6.85,6.59,6.7,641200,MISC
2020-11-05,6.8,6.93,6.7,6.88,1069600,MISC
2020-11-06,6.73,6.88,6.73,6.87,1725900,MISC
2020-11-09,6.91,7.03,6.85,6.94,947800,MISC
2020-11-10,7.02,7.24,6.73,7.21,3633000,MISC
2020-11-11,7.12,7.23,6.87,6.89,1713200,MISC
2020-11-12,6.93,7.25,6.8,7.18,2349800,MISC
2020-11-13,7.18,7.33,7.02,7.2,465000,MISC
2020-11-16,7.35,7.88,7.21,7.6,2428000,MISC
2020-11-17,7.88,7.88,7.4,7.41,989400,MISC
2020-11-18,7.31,7.36,6.9,6.9,3637000,MISC
2020-11-19,6.91,6.97,6.72,6.9,3533400,MISC
2020-11-20,6.9,7,6.81,7,2388000,MISC
2020-11-23,7,7.1,7,7.06,2365700,MISC
2020-11-24,7.02,7.11,6.9,6.91,2317900,MISC
2020-11-25,6.96,7.02,6.89,6.9,1547000,MISC
2020-11-26,6.9,7.06,6.86,7,2445400,MISC
2020-11-27,7.02,7.13,7,7.1,1279800,MISC
2020-11-30,7.15,7.25,6.79,6.79,5577700,MISC
2020-12-01,6.82,6.97,6.82,6.95,2728100,MISC
2020-12-02,6.93,6.93,6.84,6.9,2074100,MISC
2020-12-03,6.93,7.03,6.83,6.97,2967400,MISC
2020-12-04,6.97,7.09,6.92,7.05,1037600,MISC
2020-12-07,7.05,7.2,7,7.15,691800,MISC
2020-12-08,7.12,7.18,7.02,7.14,1363600,MISC
2020-12-09,7.06,7.16,7,7.01,1856100,MISC
2020-12-10,7.01,7.03,6.8,6.82,2289300,MISC
2020-12-11,6.81,6.9,6.75,6.78,1739300,MISC
2020-12-14,6.7,6.7,6.45,6.62,7058300,MISC
2020-12-15,6.6,6.69,6.4,6.61,9597900,MISC
2020-12-16,6.67,6.68,6.5,6.63,8255300,MISC
2020-12-17,6.63,6.69,6.59,6.67,5921500,MISC
2020-12-18,6.63,6.64,6.43,6.43,13207100,MISC
2020-12-21,6.38,6.52,6.32,6.45,7072300,MISC
2020-12-22,6.45,6.46,6.36,6.38,4608400,MISC
2020-12-23,6.38,6.53,6.38,6.46,4878000,MISC
2020-12-24,6.5,6.55,6.47,6.5,1716800,MISC
2020-12-28,6.52,6.76,6.51,6.72,1306100,MISC
2020-12-29,6.76,6.83,6.65,6.78,1355900,MISC
2020-12-30,6.82,6.95,6.75,6.92,2768900,MISC
2020-12-31,6.9,6.94,6.83,6.87,2386200,MISC
2021-01-04,6.85,6.85,6.67,6.72,623700,MISC
2021-01-05,6.68,6.68,6.48,6.58,2694400,MISC
2021-01-06,6.63,6.7,6.54,6.67,2050500,MISC
2021-01-07,6.68,6.75,6.54,6.71,2221900,MISC
2021-01-08,6.75,6.76,6.62,6.75,3666600,MISC
2021-01-11,6.63,6.77,6.58,6.68,1653500,MISC
2021-01-12,6.68,6.7,6.56,6.64,1314300,MISC
2021-01-13,6.64,6.75,6.64,6.71,3681500,MISC
2021-01-14,6.71,6.76,6.68,6.68,1375200,MISC
2021-01-15,6.68,6.69,6.58,6.58,2146000,MISC
2021-01-18,6.59,6.59,6.48,6.48,2371300,MISC
2021-01-19,6.48,6.61,6.48,6.53,1487200,MISC
2021-01-20,6.53,6.57,6.44,6.44,1644200,MISC
2021-01-21,6.5,6.5,6.4,6.46,2007600,MISC
2021-01-22,6.49,6.49,6.38,6.39,3737000,MISC
2021-01-25,6.4,6.42,6.23,6.23,3911600,MISC
2021-01-26,6.28,6.28,6.15,6.17,4255400,MISC
2021-01-27,6.18,6.36,6.18,6.29,2858200,MISC
2021-01-29,6.23,6.23,5.96,5.96,10592200,MISC
2021-02-02,6,6.25,5.99,6.17,5764800,MISC
2021-02-03,6.18,6.35,6.09,6.25,4246500,MISC
2021-02-04,6.25,6.27,6.12,6.17,1715400,MISC
2021-02-05,6.17,6.23,6.14,6.18,2237800,MISC
2021-02-08,6.18,6.25,6.16,6.2,2293400,MISC
2021-02-09,6.24,6.44,6.21,6.42,1881900,MISC
2021-02-10,6.4,6.43,6.3,6.35,1405300,MISC
2021-02-11,6.35,6.43,6.26,6.26,503200,MISC
2021-02-15,6.35,6.51,6.32,6.49,2019400,MISC
2021-02-16,6.48,6.51,6.4,6.45,1017800,MISC
2021-02-17,6.45,6.45,6.3,6.3,2181600,MISC
2021-02-18,6.3,6.61,6.28,6.4,4877700,MISC
2021-02-19,6.47,6.61,6.44,6.59,4772700,MISC
2021-02-22,6.65,6.72,6.59,6.7,4285400,MISC
2021-02-23,6.7,6.79,6.66,6.68,4094200,MISC
2021-02-24,6.69,6.77,6.69,6.75,4173700,MISC
2021-02-25,6.75,6.8,6.71,6.77,3662400,MISC
2021-02-26,6.7,6.78,6.67,6.78,6938000,MISC
2021-03-01,6.72,6.76,6.59,6.63,1062500,MISC
2021-03-02,6.68,6.78,6.68,6.76,2274600,MISC
2021-03-03,6.76,6.8,6.64,6.78,3585400,MISC
2021-03-04,6.66,6.72,6.55,6.6,4304700,MISC
2021-03-05,6.65,6.81,6.5,6.8,2368000,MISC
2021-03-08,6.84,7.07,6.75,6.93,4613700,MISC
2021-03-09,6.93,6.96,6.81,6.87,2017200,MISC
2021-03-10,6.81,7.05,6.81,6.97,5707500,MISC
2021-03-11,7,7,6.89,6.9,3089600,MISC
2021-03-12,7.04,7.04,6.88,6.89,1104000,MISC
2021-03-15,6.89,6.95,6.8,6.86,1618500,MISC
2021-03-16,6.88,6.94,6.83,6.9,1990200,MISC
2021-03-17,6.86,7,6.86,7,1784300,MISC
2021-03-18,6.95,7.01,6.95,6.97,3138900,MISC
2021-03-19,6.94,6.95,6.81,6.86,4758200,MISC
2021-03-22,6.86,6.86,6.72,6.72,1290100,MISC
2021-03-23,6.72,6.78,6.6,6.69,1620700,MISC
2021-03-24,6.66,6.93,6.61,6.85,2238400,MISC
2021-03-25,6.85,6.95,6.77,6.95,1585500,MISC
2021-03-26,6.86,6.93,6.76,6.9,2243200,MISC
2021-03-29,6.93,6.93,6.8,6.9,1024700,MISC
2021-03-30,6.86,6.93,6.85,6.91,3223600,MISC
2021-03-31,6.85,6.9,6.77,6.82,2517400,MISC
2021-04-01,6.82,6.9,6.79,6.89,1106900,MISC
2021-04-02,6.93,6.95,6.79,6.8,1236400,MISC
2021-04-05,6.8,6.88,6.8,6.85,467000,MISC
2021-04-06,6.83,6.94,6.78,6.86,1763300,MISC
2021-04-07,6.93,6.97,6.85,6.93,3093900,MISC
2021-04-08,6.88,6.95,6.88,6.9,3322700,MISC
2021-04-09,6.9,7.01,6.9,6.98,4128800,MISC
2021-04-12,6.98,7,6.61,6.95,1570300,MISC
2021-04-13,6.99,6.99,6.77,6.87,1431100,MISC
2021-04-14,6.8,6.9,6.8,6.9,1009800,MISC
2021-04-15,6.9,6.94,6.8,6.87,2266200,MISC
2021-04-16,6.82,6.9,6.78,6.82,1506500,MISC
2021-04-19,6.8,6.88,6.68,6.68,1707400,MISC
2021-04-20,6.68,6.85,6.66,6.8,2654200,MISC
2021-04-21,6.71,6.85,6.71,6.8,1947100,MISC
2021-04-22,6.84,6.84,6.76,6.81,1921500,MISC
2021-04-23,6.81,6.85,6.75,6.8,1836400,MISC
2021-04-26,6.85,6.85,6.78,6.83,1883200,MISC
2021-04-27,6.79,6.81,6.7,6.76,2001400,MISC
2021-04-28,6.71,6.8,6.71,6.77,1223600,MISC
2021-04-30,6.74,6.8,6.73,6.78,1977400,MISC
2021-05-03,6.77,6.85,6.75,6.76,638300,MISC
2021-05-04,6.76,6.78,6.71,6.71,1481600,MISC
2021-05-05,6.74,6.78,6.68,6.68,853500,MISC
2021-05-06,6.68,6.77,6.58,6.77,1046800,MISC
2021-05-07,6.78,6.82,6.7,6.72,1278100,MISC
2021-05-10,6.72,6.85,6.72,6.85,1054800,MISC
2021-05-11,6.85,6.85,6.74,6.8,1019500,MISC
2021-05-12,6.78,6.79,6.65,6.73,2731300,MISC
2021-05-17,6.72,6.99,6.72,6.8,1826200,MISC
2021-05-18,6.8,6.89,6.75,6.85,1044700,MISC
2021-05-19,6.85,6.85,6.73,6.81,563000,MISC
2021-05-20,6.82,6.84,6.74,6.82,1233500,MISC
2021-05-21,6.82,6.82,6.66,6.7,1688500,MISC
2021-05-24,6.7,6.79,6.68,6.78,817400,MISC
2021-05-25,6.75,6.86,6.75,6.83,2084900,MISC
2021-05-27,6.86,7.02,6.81,7.02,6257500,MISC
2021-05-28,6.99,6.99,6.81,6.89,1306800,MISC
2021-05-31,6.8,6.92,6.78,6.87,468100,MISC
2021-06-01,6.85,6.91,6.83,6.9,4313800,MISC
2021-06-02,6.84,7.01,6.84,7,1955200,MISC
2021-06-03,6.93,7.02,6.93,6.99,1447900,MISC
2021-06-04,6.95,6.95,6.77,6.82,1903500,MISC
2021-06-08,6.85,6.87,6.8,6.8,1345100,MISC
2021-06-09,6.8,6.86,6.8,6.82,1084100,MISC
2021-06-10,6.85,7,6.83,6.87,2144600,MISC
2021-06-11,6.93,7,6.9,6.95,2030000,MISC
2021-06-14,6.96,7.05,6.89,6.89,1076600,MISC
2021-06-15,6.89,7.04,6.89,7.01,1526200,MISC
2021-06-16,7.01,7.26,7.01,7.11,1721000,MISC
2021-06-17,7.08,7.1,6.87,6.93,1754500,MISC
2021-06-18,6.97,7.14,6.88,7.09,3022700,MISC
2021-06-21,7.08,7.08,6.91,7,770800,MISC
2021-06-22,7.03,7.03,6.94,6.94,817600,MISC
2021-06-23,6.96,7.03,6.89,6.89,1171900,MISC
2021-06-24,6.92,6.95,6.75,6.76,1216400,MISC
2021-06-25,6.78,6.89,6.78,6.83,728800,MISC
2021-06-28,6.8,6.81,6.74,6.8,1378600,MISC
2021-06-29,6.86,6.87,6.8,6.83,1438000,MISC
2021-06-30,6.79,6.85,6.74,6.78,2519400,MISC
2021-07-01,6.78,6.82,6.75,6.78,981000,MISC
2021-07-02,6.77,6.79,6.75,6.76,799100,MISC
2021-07-05,6.76,6.78,6.73,6.78,537900,MISC
2021-07-06,6.74,6.81,6.73,6.74,810100,MISC
2021-07-07,6.74,6.79,6.68,6.77,1082900,MISC
2021-07-08,6.76,6.76,6.65,6.71,2289500,MISC
2021-07-09,6.73,6.8,6.71,6.78,306300,MISC
2021-07-12,6.74,6.87,6.73,6.83,1137300,MISC
2021-07-13,6.83,6.93,6.81,6.93,328200,MISC
2021-07-14,6.88,6.96,6.78,6.88,2006100,MISC
2021-07-15,6.82,6.89,6.8,6.84,2040100,MISC
2021-07-16,6.83,6.88,6.75,6.81,1151100,MISC
2021-07-19,6.78,6.93,6.78,6.82,1246700,MISC
2021-07-21,6.8,6.84,6.79,6.8,968700,MISC
2021-07-22,6.83,6.87,6.8,6.87,542000,MISC
2021-07-23,6.81,6.89,6.81,6.86,212500,MISC
2021-07-26,6.82,6.84,6.68,6.68,1273800,MISC
2021-07-27,6.75,6.86,6.75,6.83,626700,MISC
2021-07-28,6.75,6.82,6.75,6.8,1436600,MISC
2021-07-29,6.8,6.82,6.67,6.72,2152600,MISC
2021-07-30,6.68,6.72,6.5,6.7,2655000,MISC
2021-08-02,6.72,6.72,6.6,6.63,1710400,MISC
2021-08-03,6.63,6.69,6.62,6.65,947400,MISC
2021-08-04,6.6,6.64,6.56,6.62,699700,MISC
2021-08-05,6.6,6.73,6.6,6.68,1052000,MISC
2021-08-06,6.68,6.7,6.56,6.58,854700,MISC
2021-08-09,6.58,6.74,6.58,6.71,564400,MISC
2021-08-11,6.7,6.75,6.64,6.71,489000,MISC
2021-08-12,6.67,6.73,6.66,6.71,299900,MISC
2021-08-13,6.72,6.78,6.66,6.71,2092900,MISC
2021-08-16,6.67,6.69,6.59,6.67,1562500,MISC
2021-08-17,6.69,6.88,6.67,6.84,1809700,MISC
2021-08-18,6.84,6.94,6.72,6.93,1229800,MISC
2021-08-19,6.93,6.93,6.81,6.83,667200,MISC
2021-08-20,6.85,6.89,6.8,6.84,842200,MISC
2021-08-23,6.85,6.88,6.77,6.78,1160200,MISC
2021-08-24,6.78,6.88,6.77,6.86,891600,MISC
2021-08-25,6.9,6.98,6.82,6.91,903200,MISC
2021-08-26,6.97,7.12,6.97,7.07,2810700,MISC
2021-08-27,6.97,7.11,6.91,7,1865500,MISC
2021-08-30,7,7.3,6.96,7.2,4373300,MISC
2021-09-01,7.1,7.2,7.05,7.05,2204200,MISC
2021-09-02,7.1,7.22,6.84,6.92,2175700,MISC
2021-09-03,6.94,7.02,6.91,7.02,1876500,MISC
2021-09-06,7.02,7.09,6.97,6.99,781600,MISC
2021-09-07,7,7.03,6.93,7,745200,MISC
2021-09-08,7.01,7.3,6.96,7.3,1289600,MISC
2021-09-09,7.06,7.15,6.92,6.97,2569300,MISC
2021-09-10,6.95,6.99,6.84,6.92,1868500,MISC
2021-09-13,6.9,6.99,6.87,6.96,1908300,MISC
2021-09-14,7,7.07,6.94,7,1753600,MISC
2021-09-15,6.96,7.02,6.87,6.92,3628900,MISC
2021-09-17,6.97,6.98,6.85,6.95,5835300,MISC
2021-09-20,6.89,6.92,6.75,6.81,1867400,MISC
2021-09-21,6.8,6.91,6.76,6.9,845100,MISC
2021-09-22,6.92,6.94,6.81,6.92,680200,MISC
2021-09-23,6.9,6.94,6.87,6.93,814400,MISC
2021-09-24,6.9,6.9,6.78,6.81,2864300,MISC
2021-09-27,6.85,6.89,6.8,6.86,881700,MISC
2021-09-28,6.89,6.99,6.78,6.95,873600,MISC
2021-09-29,6.87,7.03,6.81,6.95,976800,MISC
2021-09-30,6.89,7.05,6.85,6.91,1916400,MISC
2021-10-01,6.85,6.9,6.82,6.83,1730500,MISC
2021-10-04,6.9,7.07,6.89,6.91,1500000,MISC
2021-10-05,6.85,7.08,6.84,7.08,1314300,MISC
2021-10-06,6.94,7.09,6.94,7.05,2313400,MISC
2021-10-07,7.03,7.03,6.95,7.03,1015400,MISC
2021-10-08,7.01,7.06,6.99,6.99,560100,MISC
2021-10-11,7,7.01,6.88,6.94,2029200,MISC
2021-10-12,6.92,6.96,6.85,6.9,2302500,MISC
2021-10-13,6.93,7.18,6.91,7.11,2475100,MISC
2021-10-14,7.13,7.16,7.09,7.15,1185300,MISC
2021-10-15,7.18,7.29,7.16,7.26,1441500,MISC
2021-10-18,7.3,7.4,7.17,7.2,1807300,MISC
2021-10-20,7.2,7.27,7.13,7.19,872900,MISC
2021-10-21,7.19,7.21,7.09,7.16,3311300,MISC
2021-10-22,7.1,7.24,7.08,7.2,704300,MISC
2021-10-25,7.21,7.28,7.1,7.11,653400,MISC
2021-10-26,7.11,7.2,7,7.01,1024600,MISC
2021-10-27,7.04,7.15,7.02,7.14,657500,MISC
2021-10-28,7.09,7.15,6.98,7.02,1689500,MISC
2021-10-29,7.02,7.15,6.96,7.07,1888100,MISC
2021-11-01,6.98,7.04,6.9,6.95,1778500,MISC
2021-11-02,7,7.09,6.94,6.99,685900,MISC
2021-11-03,6.97,7.05,6.93,6.98,1613200,MISC
2021-11-05,7,7.03,6.91,6.97,1430800,MISC
2021-11-08,6.96,7.03,6.95,7,478700,MISC
2021-11-09,7,7.03,6.84,6.98,1908700,MISC
2021-11-10,6.94,6.99,6.92,6.98,880400,MISC
2021-11-11,7.01,7.04,6.95,7,2697900,MISC
2021-11-12,6.96,7.06,6.96,7,1705700,MISC
2021-11-15,7.06,7.06,6.95,6.98,573400,MISC
2021-11-16,6.98,7.03,6.95,6.98,943800,MISC
2021-11-17,6.95,6.96,6.83,6.89,1283100,MISC
2021-11-18,6.87,6.96,6.85,6.96,736300,MISC
2021-11-19,6.96,6.96,6.87,6.91,986900,MISC
2021-11-22,6.91,6.93,6.87,6.9,1291800,MISC
2021-11-23,6.91,6.91,6.8,6.82,1951700,MISC
2021-11-24,6.83,6.85,6.82,6.82,716800,MISC
2021-11-25,6.82,6.82,6.72,6.77,1190700,MISC
2021-11-26,6.74,6.8,6.62,6.62,2115100,MISC
2021-11-29,6.6,6.73,6.56,6.65,1666100,MISC
2021-11-30,6.65,6.78,6.63,6.65,6060700,MISC
2021-12-01,6.63,6.72,6.6,6.6,3273000,MISC
2021-12-02,6.53,6.56,6.42,6.52,1710900,MISC
2021-12-06,6.48,6.48,6.33,6.36,1965000,MISC
2021-12-07,6.4,6.54,6.39,6.46,778200,MISC
2021-12-08,6.5,6.55,6.42,6.47,1193300,MISC
2021-12-09,6.47,6.58,6.47,6.52,525000,MISC
2021-12-10,6.55,6.62,6.53,6.56,782800,MISC
2021-12-13,6.59,6.72,6.56,6.67,1268300,MISC
2021-12-14,6.6,6.67,6.6,6.65,1655700,MISC
2021-12-15,6.71,6.73,6.57,6.71,1032700,MISC
2021-12-16,6.74,7.02,6.71,6.89,2273200,MISC
2021-12-17,6.8,6.9,6.76,6.89,3144000,MISC
2021-12-20,6.89,6.91,6.79,6.9,1854700,MISC
2021-12-21,6.91,6.92,6.8,6.81,2324700,MISC
2021-12-22,6.81,6.98,6.8,6.94,969200,MISC
2021-12-23,6.97,6.97,6.88,6.93,491300,MISC
2021-12-24,6.93,6.96,6.89,6.94,331600,MISC
2021-12-27,6.97,7.05,6.96,7.02,584400,MISC
2021-12-28,7.05,7.05,6.96,7,534700,MISC
2021-12-29,6.97,7.02,6.97,7.02,799100,MISC
2021-12-30,7.02,7.02,6.97,7,1237200,MISC
2021-12-31,7.02,7.05,6.94,7.05,1693200,MISC
2022-01-03,6.99,7.09,6.95,7,251900,MISC
2022-01-04,7.05,7.08,6.9,6.99,550600,MISC
2022-01-05,6.99,7.04,6.95,6.97,277100,MISC
2022-01-06,6.95,7.05,6.9,6.98,1490900,MISC
2022-01-07,6.93,7.03,6.92,7.03,611000,MISC
2022-01-10,6.98,7.02,6.95,6.96,386800,MISC
2022-01-11,6.96,7,6.95,6.98,361900,MISC
2022-01-12,6.98,7.02,6.98,7,986300,MISC
2022-01-13,6.96,7.01,6.96,6.99,535300,MISC
2022-01-14,6.99,7.01,6.86,6.92,937200,MISC
2022-01-17,6.93,7.01,6.91,6.94,620900,MISC
2022-01-19,6.94,7.02,6.94,7.01,842600,MISC
2022-01-20,7.01,7.05,7,7.01,398700,MISC
2022-01-21,7,7.05,6.93,7,609800,MISC
2022-01-24,7,7.03,6.93,7,441200,MISC
2022-01-25,6.95,6.99,6.87,6.95,1517000,MISC
2022-01-26,6.95,7.01,6.95,6.97,643400,MISC
2022-01-27,6.95,6.99,6.91,6.97,1488800,MISC
2022-01-28,6.99,6.99,6.96,6.96,1348300,MISC
2022-01-31,6.99,6.99,6.88,6.96,1069700,MISC
2022-02-03,7,7.05,6.95,7.03,743000,MISC
2022-02-04,7.02,7.02,6.97,7,235000,MISC
2022-02-07,6.99,7.02,6.98,7,759200,MISC
2022-02-08,7.02,7.02,6.99,7,532100,MISC
2022-02-09,6.98,7.08,6.98,7,2078200,MISC
2022-02-10,6.98,7.13,6.98,7.08,2198900,MISC
2022-02-11,6.99,7.08,6.97,7.05,1317500,MISC
2022-02-14,7.03,7.09,6.94,6.98,1994000,MISC
2022-02-15,7.04,7.07,6.99,7.01,1972700,MISC
2022-02-16,7.09,7.1,6.98,6.99,1408300,MISC
2022-02-17,7.01,7.12,6.96,7,1711700,MISC
2022-02-18,7.04,7.1,6.98,7,3260600,MISC
2022-02-21,7.02,7.05,7,7.04,1512700,MISC
2022-02-22,7.05,7.19,7.02,7.19,1991400,MISC
2022-02-23,7.2,7.22,7.12,7.15,2518900,MISC
2022-02-24,7.15,7.23,7.08,7.23,3228500,MISC
2022-02-25,7.17,7.44,7.17,7.25,2696500,MISC
2022-02-28,7.22,7.42,7.22,7.35,5277200,MISC
2022-03-01,7.38,7.49,7.25,7.3,4204700,MISC
2022-03-02,7.38,7.38,7.25,7.33,4173000,MISC
2022-03-03,7.32,7.39,7.22,7.35,4649700,MISC
2022-03-04,7.3,7.44,7.07,7.33,2683100,MISC
2022-03-07,7.38,7.38,7.29,7.34,2000100,MISC
2022-03-08,7.32,7.33,7.17,7.26,4144800,MISC
2022-03-09,7.24,7.53,7.23,7.38,3685700,MISC
2022-03-10,7.51,7.51,7.3,7.32,2641700,MISC
2022-03-11,7.4,7.4,7.23,7.27,1854300,MISC
2022-03-14,7.34,7.34,7.08,7.19,1855200,MISC
2022-03-15,7.22,7.32,7.11,7.23,3264900,MISC
2022-03-16,7.28,7.28,7.2,7.21,2550200,MISC
2022-03-17,7.21,7.3,7.19,7.21,2812200,MISC
2022-03-18,7.21,7.22,7.17,7.21,2321800,MISC
2022-03-21,7.2,7.26,7.2,7.25,1979600,MISC
2022-03-22,7.24,7.29,7.23,7.25,3035600,MISC
2022-03-23,7.29,7.34,7.28,7.29,2438700,MISC
2022-03-24,7.3,7.3,7.23,7.25,1961800,MISC
2022-03-25,7.29,7.29,7.24,7.27,1279100,MISC
2022-03-28,7.3,7.38,7.2,7.32,1615800,MISC
2022-03-29,7.35,7.35,7.3,7.32,2054900,MISC
2022-03-30,7.38,7.38,7.29,7.3,1403000,MISC
2022-03-31,7.32,7.37,7.28,7.35,2249000,MISC
2022-04-01,7.36,7.38,7.29,7.35,1530600,MISC
2022-04-04,7.3,7.34,7.29,7.32,1971700,MISC
2022-04-05,7.33,7.56,7.29,7.47,4087200,MISC
2022-04-06,7.47,7.76,7.43,7.76,9545400,MISC
2022-04-07,7.75,7.75,7.6,7.65,6409900,MISC
2022-04-08,7.72,7.72,7.59,7.61,2545000,MISC
2022-04-11,7.61,7.67,7.61,7.66,4343200,MISC
2022-04-12,7.65,7.67,7.62,7.65,5614800,MISC
2022-04-13,7.65,7.7,7.63,7.65,3274600,MISC
2022-04-14,7.7,7.74,7.65,7.69,3698100,MISC
2022-04-15,7.69,7.69,7.59,7.64,828100,MISC
2022-04-18,7.6,7.72,7.57,7.6,1259000,MISC
2022-04-20,7.6,7.85,7.58,7.8,4477300,MISC
2022-04-21,7.82,7.9,7.78,7.81,3870300,MISC
2022-04-22,7.78,7.83,7.71,7.8,3180200,MISC
2022-04-25,7.74,7.78,7.71,7.76,2583000,MISC
2022-04-26,7.8,7.92,7.73,7.8,4036400,MISC
2022-04-27,7.88,7.88,7.76,7.79,1577900,MISC
2022-04-28,7.76,7.82,7.71,7.81,4026000,MISC
2022-04-29,7.73,7.85,7.73,7.81,2818500,MISC
2022-05-05,7.92,7.92,7.74,7.84,2665000,MISC
2022-05-06,7.74,7.9,7.72,7.77,3171600,MISC
2022-05-09,7.85,7.86,7.65,7.72,2555100,MISC
2022-05-10,7.72,7.83,7.63,7.7,4324900,MISC
2022-05-11,7.7,7.7,7.58,7.6,2347000,MISC
2022-05-12,7.78,7.78,7.47,7.5,3967400,MISC
2022-05-13,7.5,7.63,7.46,7.57,4988300,MISC
2022-05-17,7.57,7.88,7.57,7.7,3669100,MISC
2022-05-18,7.76,7.78,7.67,7.75,3769400,MISC
2022-05-19,7.74,7.75,7.64,7.66,3145600,MISC
2022-05-20,7.7,7.78,7.65,7.65,4888500,MISC
2022-05-23,7.66,7.84,7.61,7.66,3082400,MISC
2022-05-24,7.65,7.67,7.61,7.65,5223200,MISC
2022-05-25,7.64,7.67,7.58,7.65,2153500,MISC
2022-05-26,7.65,7.75,7.32,7.37,4037400,MISC
2022-05-27,7.36,7.36,6.89,7.01,8351500,MISC
2022-05-30,7.02,7.29,6.99,7.21,4070200,MISC
